Host ISO,txEUI,rxEUI,timestamp,snr
2016-04-08 09:37:33.078015,0xdeca01000000000a,0xdeca020000000001,217625172447,19
2016-04-08 09:37:33.124814,0xdeca01000000000b,0xdeca020000000001,221046701154,19
2016-04-08 09:37:33.140413,0xdeca030000000002,0xdeca020000000001,221503477910,204
2016-04-08 09:37:33.171612,0xdeca010000000016,0xdeca020000000001,223525916004,20
2016-04-08 09:37:33.187212,0xdeca010000000015,0xdeca020000000001,225131642256,18
2016-04-08 09:37:33.234010,0xdeca030000000002,0xdeca020000000001,227893260984,205
2016-04-08 09:37:33.296408,0xdeca010000000050,0xdeca020000000001,231343996432,20
2016-04-08 09:37:33.343207,0xdeca030000000002,0xdeca020000000001,234283043965,206
2016-04-08 09:37:33.421204,0xdeca010000000028,0xdeca020000000001,239400742070,21
2016-04-08 09:37:33.436804,0xdeca030000000002,0xdeca020000000001,240672826879,207
2016-04-08 09:37:33.469003,0xdeca01000000001f,0xdeca020000000001,243447055583,20
2016-04-08 09:37:33.515003,0xdeca030000000002,0xdeca020000000001,247062609732,208
2016-04-08 09:37:33.615003,0xdeca030000000002,0xdeca020000000001,253452392562,209
2016-04-08 09:37:33.617003,0xdeca01000000001e,0xdeca020000000001,253611860313,19
2016-04-08 09:37:33.629003,0xdeca01000000000b,0xdeca020000000001,254403558785,20
2016-04-08 09:37:33.715003,0xdeca030000000002,0xdeca020000000001,259842175335,210
2016-04-08 09:37:33.765003,0xdeca010000000014,0xdeca020000000001,263051301484,20
2016-04-08 09:37:33.815003,0xdeca030000000002,0xdeca020000000001,266231958075,211
2016-04-08 09:37:33.915003,0xdeca030000000002,0xdeca020000000001,272621740811,212
2016-04-08 09:37:33.965003,0xdeca010000000046,0xdeca020000000001,275825343334,20
2016-04-08 09:37:34.015003,0xdeca030000000002,0xdeca020000000001,279011523524,213
2016-04-08 09:37:34.034003,0xdeca010000000015,0xdeca020000000001,280236209725,19
2016-04-08 09:37:34.115003,0xdeca030000000002,0xdeca020000000001,285401306232,214
2016-04-08 09:37:34.121003,0xdeca010000000050,0xdeca020000000001,285812283725,21
2016-04-08 09:37:34.144003,0xdeca010000000016,0xdeca020000000001,287283797664,21
2016-04-08 09:37:34.192003,0xdeca01000000000a,0xdeca020000000001,290326397890,20
2016-04-08 09:37:34.215003,0xdeca030000000002,0xdeca020000000001,291791088938,215
2016-04-08 09:37:34.256003,0xdeca01000000001f,0xdeca020000000001,294438928342,21
2016-04-08 09:37:34.273003,0xdeca01000000001e,0xdeca020000000001,295498518298,20
2016-04-08 09:37:34.315003,0xdeca030000000002,0xdeca020000000001,298180871620,216
2016-04-08 09:37:34.415003,0xdeca030000000002,0xdeca020000000001,304570654335,217
2016-04-08 09:37:34.475003,0xdeca010000000028,0xdeca020000000001,308399800189,22
2016-04-08 09:37:34.515003,0xdeca030000000002,0xdeca020000000001,310960437043,218
2016-04-08 09:37:34.615003,0xdeca030000000002,0xdeca020000000001,317350219722,219
2016-04-08 09:37:34.715003,0xdeca030000000002,0xdeca020000000001,323740002433,220
2016-04-08 09:37:34.747003,0xdeca01000000000a,0xdeca020000000001,325816555116,21
2016-04-08 09:37:34.815003,0xdeca030000000002,0xdeca020000000001,330129785136,221
2016-04-08 09:37:34.876003,0xdeca01000000001f,0xdeca020000000001,334079259733,22
2016-04-08 09:37:34.893003,0xdeca010000000014,0xdeca020000000001,335124036273,21
2016-04-08 09:37:34.915003,0xdeca030000000002,0xdeca020000000001,336519567876,222
2016-04-08 09:37:35.015003,0xdeca030000000002,0xdeca020000000001,342909350586,223
2016-04-08 09:37:35.114003,0xdeca030000000002,0xdeca020000000001,349299133322,224
2016-04-08 09:37:35.150003,0xdeca010000000016,0xdeca020000000001,351585571174,22
2016-04-08 09:37:35.215003,0xdeca030000000002,0xdeca020000000001,355688916035,225
2016-04-08 09:37:35.295003,0xdeca01000000001e,0xdeca020000000001,360830867473,21
2016-04-08 09:37:35.315003,0xdeca030000000002,0xdeca020000000001,362078698779,226
2016-04-08 09:37:35.352003,0xdeca010000000046,0xdeca020000000001,364468702383,21
2016-04-08 09:37:35.355003,0xdeca010000000015,0xdeca020000000001,364715983324,20
2016-04-08 09:37:35.377003,0xdeca010000000050,0xdeca020000000001,366112269096,22
2016-04-08 09:37:35.414003,0xdeca030000000002,0xdeca020000000001,368468481523,227
2016-04-08 09:37:35.514801,0xdeca030000000002,0xdeca020000000001,374858264265,228
2016-04-08 09:37:35.614801,0xdeca030000000002,0xdeca020000000001,381248047026,229
2016-04-08 09:37:35.714801,0xdeca030000000002,0xdeca020000000001,387637829760,230
2016-04-08 09:37:35.814801,0xdeca030000000002,0xdeca020000000001,394027612544,231
2016-04-08 09:37:35.865801,0xdeca01000000001f,0xdeca020000000001,397315987062,23
2016-04-08 09:37:35.874801,0xdeca010000000028,0xdeca020000000001,397896378283,23
2016-04-08 09:37:35.914801,0xdeca030000000002,0xdeca020000000001,400417395304,232
2016-04-08 09:37:35.975801,0xdeca010000000014,0xdeca020000000001,404357854360,22
2016-04-08 09:37:36.014801,0xdeca030000000002,0xdeca020000000001,406807178078,233
2016-04-08 09:37:36.056801,0xdeca010000000050,0xdeca020000000001,409540553298,23
2016-04-08 09:37:36.114801,0xdeca030000000002,0xdeca020000000001,413196960854,234
2016-04-08 09:37:36.214801,0xdeca030000000002,0xdeca020000000001,419586743616,235
2016-04-08 09:37:36.230801,0xdeca010000000016,0xdeca020000000001,420639791528,23
2016-04-08 09:37:36.289801,0xdeca010000000046,0xdeca020000000001,424391372887,22
2016-04-08 09:37:36.314801,0xdeca030000000002,0xdeca020000000001,425976526410,236
2016-04-08 09:37:36.414801,0xdeca030000000002,0xdeca020000000001,432366309197,237
2016-04-08 09:37:36.514801,0xdeca030000000002,0xdeca020000000001,438756091975,238
2016-04-08 09:37:36.614801,0xdeca030000000002,0xdeca020000000001,445145874779,239
2016-04-08 09:37:36.649801,0xdeca010000000015,0xdeca020000000001,447403628407,21
2016-04-08 09:37:36.714801,0xdeca030000000002,0xdeca020000000001,451535657574,240
2016-04-08 09:37:36.780801,0xdeca01000000001e,0xdeca020000000001,455779194588,22
2016-04-08 09:37:36.814801,0xdeca030000000002,0xdeca020000000001,457925440379,241
2016-04-08 09:37:36.914801,0xdeca030000000002,0xdeca020000000001,464315223162,242
2016-04-08 09:37:37.014801,0xdeca030000000002,0xdeca020000000001,470705005973,243
2016-04-08 09:37:37.019801,0xdeca010000000014,0xdeca020000000001,471015070464,23
2016-04-08 09:37:37.045801,0xdeca010000000050,0xdeca020000000001,472680527119,24
2016-04-08 09:37:37.105801,0xdeca01000000001f,0xdeca020000000001,476542239920,24
2016-04-08 09:37:37.114801,0xdeca030000000002,0xdeca020000000001,477094788787,244
2016-04-08 09:37:37.214801,0xdeca030000000002,0xdeca020000000001,483484571584,245
2016-04-08 09:37:37.287801,0xdeca01000000000a,0xdeca020000000001,488060652543,23
2016-04-08 09:37:37.314801,0xdeca030000000002,0xdeca020000000001,489874354394,246
2016-04-08 09:37:37.326801,0xdeca01000000001e,0xdeca020000000001,490651381323,23
2016-04-08 09:37:37.352801,0xdeca010000000028,0xdeca020000000001,492303460263,24
2016-04-08 09:37:37.414801,0xdeca030000000002,0xdeca020000000001,496264137208,247
2016-04-08 09:37:37.438801,0xdeca01000000000b,0xdeca020000000001,497796116538,23
2016-04-08 09:37:37.535600,0xdeca030000000002,0xdeca020000000001,502653920024,248
2016-04-08 09:37:37.614600,0xdeca030000000002,0xdeca020000000001,509043702838,249
2016-04-08 09:37:37.657600,0xdeca010000000046,0xdeca020000000001,511826990804,23
2016-04-08 09:37:37.713600,0xdeca01000000001f,0xdeca020000000001,515399528870,25
2016-04-08 09:37:37.719600,0xdeca010000000016,0xdeca020000000001,515754807604,24
2016-04-08 09:37:37.814600,0xdeca030000000002,0xdeca020000000001,521823268481,251
2016-04-08 09:37:37.868600,0xdeca010000000050,0xdeca020000000001,525260184610,25
2016-04-08 09:37:37.914600,0xdeca030000000002,0xdeca020000000001,528213051300,252
2016-04-08 09:37:37.960600,0xdeca010000000014,0xdeca020000000001,531150631232,24
2016-04-08 09:37:38.014600,0xdeca030000000002,0xdeca020000000001,534602834107,253
2016-04-08 09:37:38.024600,0xdeca01000000001e,0xdeca020000000001,535216659342,24
2016-04-08 09:37:38.113600,0xdeca010000000015,0xdeca020000000001,540947603805,22
2016-04-08 09:37:38.214600,0xdeca030000000002,0xdeca020000000001,547382399775,255
2016-04-08 09:37:38.314600,0xdeca030000000002,0xdeca020000000001,553772182593,0
2016-04-08 09:37:38.414600,0xdeca030000000002,0xdeca020000000001,560161965429,1
2016-04-08 09:37:38.421600,0xdeca010000000028,0xdeca020000000001,560630388906,25
2016-04-08 09:37:38.514600,0xdeca030000000002,0xdeca020000000001,566551748227,2
2016-04-08 09:37:38.614600,0xdeca030000000002,0xdeca020000000001,572941531073,3
2016-04-08 09:37:38.714600,0xdeca030000000002,0xdeca020000000001,579331313925,4
2016-04-08 09:37:38.732600,0xdeca010000000046,0xdeca020000000001,580462234099,24
2016-04-08 09:37:38.742600,0xdeca01000000001f,0xdeca020000000001,581136343635,27
2016-04-08 09:37:38.746600,0xdeca010000000016,0xdeca020000000001,581388044024,25
2016-04-08 09:37:38.814600,0xdeca030000000002,0xdeca020000000001,585721096751,5
2016-04-08 09:37:38.907600,0xdeca01000000000b,0xdeca020000000001,591683406246,24
2016-04-08 09:37:38.914600,0xdeca030000000002,0xdeca020000000001,592110879564,6
2016-04-08 09:37:39.014600,0xdeca030000000002,0xdeca020000000001,598500662402,7
2016-04-08 09:37:39.110600,0xdeca010000000015,0xdeca020000000001,604610585935,23
2016-04-08 09:37:39.114600,0xdeca030000000002,0xdeca020000000001,604890445240,8
2016-04-08 09:37:39.196600,0xdeca01000000001e,0xdeca020000000001,610142943434,25
2016-04-08 09:37:39.214600,0xdeca030000000002,0xdeca020000000001,611280228096,9
2016-04-08 09:37:39.288600,0xdeca010000000046,0xdeca020000000001,615987850559,25
2016-04-08 09:37:39.309600,0xdeca010000000050,0xdeca020000000001,617388510168,26
2016-04-08 09:37:39.313600,0xdeca01000000001f,0xdeca020000000001,617591277072,28
2016-04-08 09:37:39.414600,0xdeca030000000002,0xdeca020000000001,624059793750,11
2016-04-08 09:37:39.431600,0xdeca01000000000a,0xdeca020000000001,625136334340,25
2016-04-08 09:37:39.447600,0xdeca010000000014,0xdeca020000000001,626181457178,25
2016-04-08 09:37:39.514600,0xdeca030000000002,0xdeca020000000001,630449576593,12
2016-04-08 09:37:39.614398,0xdeca030000000002,0xdeca020000000001,636839359426,13
2016-04-08 09:37:39.714398,0xdeca030000000002,0xdeca020000000001,643229142263,14
2016-04-08 09:37:39.814398,0xdeca030000000002,0xdeca020000000001,649618925115,15
2016-04-08 09:37:39.914398,0xdeca030000000002,0xdeca020000000001,656008707968,16
2016-04-08 09:37:40.014398,0xdeca030000000002,0xdeca020000000001,662398490805,17
2016-04-08 09:37:40.061398,0xdeca010000000046,0xdeca020000000001,665415776033,26
2016-04-08 09:37:40.068398,0xdeca010000000016,0xdeca020000000001,665877337635,26
2016-04-08 09:37:40.110398,0xdeca01000000000b,0xdeca020000000001,668537014525,25
2016-04-08 09:37:40.114398,0xdeca030000000002,0xdeca020000000001,668788273642,18
2016-04-08 09:37:40.188398,0xdeca010000000015,0xdeca020000000001,673538222510,24
2016-04-08 09:37:40.214398,0xdeca030000000002,0xdeca020000000001,675178056485,19
2016-04-08 09:37:40.239398,0xdeca01000000001e,0xdeca020000000001,676757625147,26
2016-04-08 09:37:40.314398,0xdeca030000000002,0xdeca020000000001,681567839315,20
2016-04-08 09:37:40.346398,0xdeca01000000000a,0xdeca020000000001,683636023685,26
2016-04-08 09:37:40.414398,0xdeca030000000002,0xdeca020000000001,687957622159,21
2016-04-08 09:37:40.514398,0xdeca030000000002,0xdeca020000000001,694347405018,22
2016-04-08 09:37:40.525398,0xdeca01000000001f,0xdeca020000000001,695082117543,29
2016-04-08 09:37:40.599398,0xdeca010000000016,0xdeca020000000001,699802073573,27
2016-04-08 09:37:40.602398,0xdeca010000000014,0xdeca020000000001,699988013322,26
2016-04-08 09:37:40.614398,0xdeca030000000002,0xdeca020000000001,700737187867,23
2016-04-08 09:37:40.714398,0xdeca030000000002,0xdeca020000000001,707126970725,24
2016-04-08 09:37:40.742398,0xdeca010000000050,0xdeca020000000001,708905842272,27
2016-04-08 09:37:40.814398,0xdeca030000000002,0xdeca020000000001,713516753572,25
2016-04-08 09:37:40.828398,0xdeca01000000000b,0xdeca020000000001,714438321576,26
2016-04-08 09:37:40.914398,0xdeca030000000002,0xdeca020000000001,719906536420,26
2016-04-08 09:37:41.014398,0xdeca030000000002,0xdeca020000000001,726296319271,27
2016-04-08 09:37:41.096398,0xdeca010000000015,0xdeca020000000001,731520035565,25
2016-04-08 09:37:41.116398,0xdeca030000000002,0xdeca020000000001,732686102129,28
2016-04-08 09:37:41.140398,0xdeca01000000001f,0xdeca020000000001,734330420138,30
2016-04-08 09:37:41.194398,0xdeca010000000046,0xdeca020000000001,737813851124,27
2016-04-08 09:37:41.214398,0xdeca030000000002,0xdeca020000000001,739075884971,29
2016-04-08 09:37:41.261398,0xdeca01000000001e,0xdeca020000000001,742083538698,27
2016-04-08 09:37:41.314398,0xdeca030000000002,0xdeca020000000001,745465667825,30
2016-04-08 09:37:41.320398,0xdeca010000000050,0xdeca020000000001,745876996431,28
2016-04-08 09:37:41.414398,0xdeca030000000002,0xdeca020000000001,751855450691,31
2016-04-08 09:37:41.466398,0xdeca01000000000b,0xdeca020000000001,755165492938,27
2016-04-08 09:37:41.515398,0xdeca030000000002,0xdeca020000000001,758245233539,32
2016-04-08 09:37:41.553398,0xdeca010000000028,0xdeca020000000001,760729284436,28
2016-04-08 09:37:41.572398,0xdeca010000000016,0xdeca020000000001,761947566049,28
2016-04-08 09:37:41.614398,0xdeca030000000002,0xdeca020000000001,764635016377,33
2016-04-08 09:37:41.714398,0xdeca030000000002,0xdeca020000000001,771024799230,34
2016-04-08 09:37:41.719398,0xdeca010000000015,0xdeca020000000001,771349545303,26
2016-04-08 09:37:41.738398,0xdeca01000000000a,0xdeca020000000001,772552318911,27
2016-04-08 09:37:41.814398,0xdeca030000000002,0xdeca020000000001,777414582072,35
2016-04-08 09:37:41.859398,0xdeca010000000050,0xdeca020000000001,780280857835,29
2016-04-08 09:37:41.914398,0xdeca030000000002,0xdeca020000000001,783804364945,36
2016-04-08 09:37:42.014398,0xdeca030000000002,0xdeca020000000001,790194147793,37
2016-04-08 09:37:42.037398,0xdeca010000000014,0xdeca020000000001,791682556085,27
2016-04-08 09:37:42.078398,0xdeca01000000001e,0xdeca020000000001,794270309593,28
2016-04-08 09:37:42.114398,0xdeca030000000002,0xdeca020000000001,796583930645,38
2016-04-08 09:37:42.147398,0xdeca010000000016,0xdeca020000000001,798663662953,29
2016-04-08 09:37:42.214398,0xdeca030000000002,0xdeca020000000001,802973713511,39
2016-04-08 09:37:42.314398,0xdeca030000000002,0xdeca020000000001,809363496378,40
2016-04-08 09:37:42.359398,0xdeca010000000046,0xdeca020000000001,812246443285,28
2016-04-08 09:37:42.405398,0xdeca010000000015,0xdeca020000000001,815194212026,27
2016-04-08 09:37:42.414398,0xdeca030000000002,0xdeca020000000001,815753279238,41
2016-04-08 09:37:42.491398,0xdeca01000000001f,0xdeca020000000001,820678820551,31
2016-04-08 09:37:42.514398,0xdeca030000000002,0xdeca020000000001,822143062079,42
2016-04-08 09:37:42.584398,0xdeca01000000001e,0xdeca020000000001,826599246655,29
2016-04-08 09:37:42.614398,0xdeca030000000002,0xdeca020000000001,828532844940,43
2016-04-08 09:37:42.626398,0xdeca010000000028,0xdeca020000000001,829317360418,29
2016-04-08 09:37:42.714398,0xdeca030000000002,0xdeca020000000001,834922627798,44
2016-04-08 09:37:42.718398,0xdeca010000000050,0xdeca020000000001,835204989143,30
2016-04-08 09:37:42.736398,0xdeca01000000000a,0xdeca020000000001,836306552102,28
2016-04-08 09:37:42.814398,0xdeca030000000002,0xdeca020000000001,841312410668,45
2016-04-08 09:37:42.864398,0xdeca01000000000b,0xdeca020000000001,844498589053,28
2016-04-08 09:37:42.914398,0xdeca030000000002,0xdeca020000000001,847702193518,46
2016-04-08 09:37:42.928398,0xdeca010000000016,0xdeca020000000001,848572053240,30
2016-04-08 09:37:43.014398,0xdeca030000000002,0xdeca020000000001,854091976373,47
2016-04-08 09:37:43.114398,0xdeca030000000002,0xdeca020000000001,860481759244,48
2016-04-08 09:37:43.165398,0xdeca010000000014,0xdeca020000000001,863761482985,28
2016-04-08 09:37:43.176398,0xdeca01000000001f,0xdeca020000000001,864412630351,32
2016-04-08 09:37:43.214398,0xdeca030000000002,0xdeca020000000001,866871542101,49
2016-04-08 09:37:43.241398,0xdeca01000000001e,0xdeca020000000001,868629580647,30
2016-04-08 09:37:43.314398,0xdeca030000000002,0xdeca020000000001,873261324955,50
2016-04-08 09:37:43.414398,0xdeca030000000002,0xdeca020000000001,879651107831,51
2016-04-08 09:37:43.447398,0xdeca010000000015,0xdeca020000000001,881726068198,28
2016-04-08 09:37:43.469398,0xdeca010000000028,0xdeca020000000001,883140494593,30
2016-04-08 09:37:43.514398,0xdeca030000000002,0xdeca020000000001,886040890687,52
2016-04-08 09:37:43.614398,0xdeca030000000002,0xdeca020000000001,892430673539,53
2016-04-08 09:37:43.643398,0xdeca010000000016,0xdeca020000000001,894309820270,31
2016-04-08 09:37:43.712398,0xdeca010000000046,0xdeca020000000001,898677946203,29
2016-04-08 09:37:43.814398,0xdeca030000000002,0xdeca020000000001,905210239277,55
2016-04-08 09:37:43.914398,0xdeca030000000002,0xdeca020000000001,911600022143,56
2016-04-08 09:37:43.965398,0xdeca010000000015,0xdeca020000000001,914853885743,29
2016-04-08 09:37:43.979398,0xdeca01000000000a,0xdeca020000000001,915755901840,29
2016-04-08 09:37:43.988398,0xdeca01000000001f,0xdeca020000000001,916295620555,33
2016-04-08 09:37:44.014398,0xdeca030000000002,0xdeca020000000001,917989804993,57
2016-04-08 09:37:44.045398,0xdeca010000000050,0xdeca020000000001,919972852349,31
2016-04-08 09:37:44.114398,0xdeca030000000002,0xdeca020000000001,924379587864,58
2016-04-08 09:37:44.214398,0xdeca030000000002,0xdeca020000000001,930769370729,59
2016-04-08 09:37:44.243398,0xdeca01000000000b,0xdeca020000000001,932658135979,29
2016-04-08 09:37:44.310398,0xdeca010000000046,0xdeca020000000001,936933757212,30
2016-04-08 09:37:44.314398,0xdeca030000000002,0xdeca020000000001,937159153613,60
2016-04-08 09:37:44.414398,0xdeca030000000002,0xdeca020000000001,943548936457,61
2016-04-08 09:37:44.514398,0xdeca030000000002,0xdeca020000000001,949938719332,62
2016-04-08 09:37:44.557398,0xdeca010000000016,0xdeca020000000001,952701654073,32
2016-04-08 09:37:44.567398,0xdeca01000000001e,0xdeca020000000001,953393449743,32
2016-04-08 09:37:44.614398,0xdeca030000000002,0xdeca020000000001,956328502201,63
2016-04-08 09:37:44.699398,0xdeca010000000014,0xdeca020000000001,961756156271,30
2016-04-08 09:37:44.713398,0xdeca030000000002,0xdeca020000000001,962718285074,64
2016-04-08 09:37:44.814398,0xdeca030000000002,0xdeca020000000001,969108067926,65
2016-04-08 09:37:44.849398,0xdeca010000000028,0xdeca020000000001,971313150950,31
2016-04-08 09:37:44.914398,0xdeca030000000002,0xdeca020000000001,975497850831,66
2016-04-08 09:37:45.014398,0xdeca030000000002,0xdeca020000000001,981887633674,67
2016-04-08 09:37:45.113398,0xdeca030000000002,0xdeca020000000001,988277416538,68
2016-04-08 09:37:45.149398,0xdeca01000000000a,0xdeca020000000001,990540049270,30
2016-04-08 09:37:45.213398,0xdeca030000000002,0xdeca020000000001,994667199424,69
2016-04-08 09:37:45.277398,0xdeca010000000015,0xdeca020000000001,998764686471,30
2016-04-08 09:37:45.313398,0xdeca030000000002,0xdeca020000000001,1001056982272,70
2016-04-08 09:37:45.338398,0xdeca010000000014,0xdeca020000000001,1002637433740,31
2016-04-08 09:37:45.370398,0xdeca010000000016,0xdeca020000000001,1004678170212,33
2016-04-08 09:37:45.398398,0xdeca01000000001f,0xdeca020000000001,1006457725278,34
2016-04-08 09:37:45.413398,0xdeca030000000002,0xdeca020000000001,1007446765143,71
2016-04-08 09:37:45.475398,0xdeca010000000046,0xdeca020000000001,1011371881632,31
2016-04-08 09:37:45.506398,0xdeca010000000050,0xdeca020000000001,1013354538556,32
2016-04-08 09:37:45.513398,0xdeca030000000002,0xdeca020000000001,1013836548027,72
2016-04-08 09:37:45.635796,0xdeca030000000002,0xdeca020000000001,1020226330881,73
2016-04-08 09:37:45.713396,0xdeca030000000002,0xdeca020000000001,1026616113784,74
2016-04-08 09:37:45.814396,0xdeca030000000002,0xdeca020000000001,1033005896638,75
2016-04-08 09:37:45.823396,0xdeca01000000001e,0xdeca020000000001,1033559356676,33
2016-04-08 09:37:45.914396,0xdeca030000000002,0xdeca020000000001,1039395679496,76
2016-04-08 09:37:46.013396,0xdeca030000000002,0xdeca020000000001,1045785462375,77
2016-04-08 09:37:46.071396,0xdeca01000000001f,0xdeca020000000001,1049432988234,35
2016-04-08 09:37:46.113396,0xdeca030000000002,0xdeca020000000001,1052175245249,78
2016-04-08 09:37:46.129396,0xdeca010000000028,0xdeca020000000001,1053186933316,32
2016-04-08 09:37:46.213396,0xdeca030000000002,0xdeca020000000001,1058565028154,79
2016-04-08 09:37:46.313396,0xdeca030000000002,0xdeca020000000001,1064954811012,80
2016-04-08 09:37:46.347396,0xdeca010000000050,0xdeca020000000001,1067073733256,33
2016-04-08 09:37:46.413396,0xdeca030000000002,0xdeca020000000001,1071344593867,81
2016-04-08 09:37:46.522396,0xdeca01000000001e,0xdeca020000000001,1078268744391,34
2016-04-08 09:37:46.613396,0xdeca030000000002,0xdeca020000000001,1084124159618,83
2016-04-08 09:37:46.713396,0xdeca030000000002,0xdeca020000000001,1090513942492,84
2016-04-08 09:37:46.813396,0xdeca030000000002,0xdeca020000000001,1096903725391,85
2016-04-08 09:37:46.855396,0xdeca010000000016,0xdeca020000000001,29419686,34
2016-04-08 09:37:46.873396,0xdeca010000000046,0xdeca020000000001,1193640376,32
2016-04-08 09:37:46.913396,0xdeca030000000002,0xdeca020000000001,3781880461,86
2016-04-08 09:37:47.013396,0xdeca030000000002,0xdeca020000000001,10171663346,87
2016-04-08 09:37:47.076396,0xdeca01000000001e,0xdeca020000000001,14174882106,35
2016-04-08 09:37:47.113396,0xdeca030000000002,0xdeca020000000001,16561446225,88
2016-04-08 09:37:47.117396,0xdeca010000000028,0xdeca020000000001,16800640672,33
2016-04-08 09:37:47.162396,0xdeca01000000001f,0xdeca020000000001,19667096477,36
2016-04-08 09:37:47.206396,0xdeca01000000000b,0xdeca020000000001,22446439511,31
2016-04-08 09:37:47.213396,0xdeca030000000002,0xdeca020000000001,22951229095,89
2016-04-08 09:37:47.313396,0xdeca030000000002,0xdeca020000000001,29341011977,90
2016-04-08 09:37:47.351396,0xdeca01000000000a,0xdeca020000000001,31757067123,32
2016-04-08 09:37:47.413396,0xdeca030000000002,0xdeca020000000001,35730794872,91
2016-04-08 09:37:47.497396,0xdeca010000000015,0xdeca020000000001,41053127440,32
2016-04-08 09:37:47.513396,0xdeca030000000002,0xdeca020000000001,42120577739,92
2016-04-08 09:37:47.613396,0xdeca030000000002,0xdeca020000000001,48510360622,93
2016-04-08 09:37:47.669595,0xdeca01000000001e,0xdeca020000000001,50881079977,36
2016-04-08 09:37:47.714595,0xdeca030000000002,0xdeca020000000001,54900143490,94
2016-04-08 09:37:47.779595,0xdeca010000000046,0xdeca020000000001,59100571414,33
2016-04-08 09:37:47.813595,0xdeca030000000002,0xdeca020000000001,61289926379,95
2016-04-08 09:37:47.832595,0xdeca010000000014,0xdeca020000000001,62502205308,33
2016-04-08 09:37:47.913595,0xdeca030000000002,0xdeca020000000001,67679709259,96
2016-04-08 09:37:48.014595,0xdeca030000000002,0xdeca020000000001,74069492154,97
2016-04-08 09:37:48.021595,0xdeca010000000016,0xdeca020000000001,74580163371,35
2016-04-08 09:37:48.067595,0xdeca01000000001f,0xdeca020000000001,77496353250,37
2016-04-08 09:37:48.106595,0xdeca01000000000a,0xdeca020000000001,79979854987,33
2016-04-08 09:37:48.113595,0xdeca030000000002,0xdeca020000000001,80459275012,98
2016-04-08 09:37:48.140595,0xdeca010000000015,0xdeca020000000001,82158921993,33
2016-04-08 09:37:48.213595,0xdeca030000000002,0xdeca020000000001,86849057896,99
2016-04-08 09:37:48.280595,0xdeca010000000050,0xdeca020000000001,91131899009,35
2016-04-08 09:37:48.314595,0xdeca030000000002,0xdeca020000000001,93238840768,100
2016-04-08 09:37:48.414595,0xdeca030000000002,0xdeca020000000001,99628623666,101
2016-04-08 09:37:48.417595,0xdeca01000000001e,0xdeca020000000001,99862215096,37
2016-04-08 09:37:48.514595,0xdeca030000000002,0xdeca020000000001,106018406538,102
2016-04-08 09:37:48.613595,0xdeca030000000002,0xdeca020000000001,112408189422,103
2016-04-08 09:37:48.619595,0xdeca01000000001f,0xdeca020000000001,112741585807,38
2016-04-08 09:37:48.713595,0xdeca030000000002,0xdeca020000000001,118797972301,104
2016-04-08 09:37:48.733595,0xdeca010000000015,0xdeca020000000001,119849618685,34
2016-04-08 09:37:48.813595,0xdeca030000000002,0xdeca020000000001,125187755189,105
2016-04-08 09:37:48.845595,0xdeca010000000046,0xdeca020000000001,127226170474,34
2016-04-08 09:37:48.896595,0xdeca01000000000b,0xdeca020000000001,130454048329,33
2016-04-08 09:37:48.913595,0xdeca030000000002,0xdeca020000000001,131577538057,106
2016-04-08 09:37:49.014595,0xdeca030000000002,0xdeca020000000001,137967320965,107
2016-04-08 09:37:49.113595,0xdeca030000000002,0xdeca020000000001,144357103820,108
2016-04-08 09:37:49.142595,0xdeca010000000050,0xdeca020000000001,146196389282,36
2016-04-08 09:37:49.214595,0xdeca030000000002,0xdeca020000000001,150746886730,109
2016-04-08 09:37:49.216595,0xdeca010000000016,0xdeca020000000001,150915491027,36
2016-04-08 09:37:49.314595,0xdeca030000000002,0xdeca020000000001,157136669589,110
2016-04-08 09:37:49.340595,0xdeca01000000000a,0xdeca020000000001,158841762877,34
2016-04-08 09:37:49.412595,0xdeca010000000015,0xdeca020000000001,163428716020,35
2016-04-08 09:37:49.513595,0xdeca030000000002,0xdeca020000000001,169916235352,112
2016-04-08 09:37:49.560595,0xdeca010000000028,0xdeca020000000001,172902795432,35
2016-04-08 09:37:49.608595,0xdeca010000000046,0xdeca020000000001,175936311037,35
2016-04-08 09:37:49.614595,0xdeca030000000002,0xdeca020000000001,176306018243,113
2016-04-08 09:37:49.619595,0xdeca01000000001e,0xdeca020000000001,176686336827,38
2016-04-08 09:37:49.714393,0xdeca030000000002,0xdeca020000000001,182695801126,114
2016-04-08 09:37:49.735393,0xdeca01000000000b,0xdeca020000000001,184047436917,34
2016-04-08 09:37:49.780393,0xdeca010000000014,0xdeca020000000001,186957791751,35
2016-04-08 09:37:49.815393,0xdeca030000000002,0xdeca020000000001,189085584001,115
2016-04-08 09:37:49.914393,0xdeca030000000002,0xdeca020000000001,195475366889,116
2016-04-08 09:37:49.978393,0xdeca01000000001f,0xdeca020000000001,199580862343,39
2016-04-08 09:37:50.014393,0xdeca030000000002,0xdeca020000000001,201865149777,117
2016-04-08 09:37:50.049393,0xdeca01000000000a,0xdeca020000000001,204143184669,35
2016-04-08 09:37:50.102393,0xdeca010000000016,0xdeca020000000001,207511403757,37
2016-04-08 09:37:50.114393,0xdeca030000000002,0xdeca020000000001,208254932666,118
2016-04-08 09:37:50.214393,0xdeca030000000002,0xdeca020000000001,214644715541,119
2016-04-08 09:37:50.314393,0xdeca030000000002,0xdeca020000000001,221034498430,120
2016-04-08 09:37:50.389393,0xdeca010000000046,0xdeca020000000001,225881141059,36
2016-04-08 09:37:50.414393,0xdeca030000000002,0xdeca020000000001,227424281321,121
2016-04-08 09:37:50.492393,0xdeca01000000000b,0xdeca020000000001,232411890827,35
2016-04-08 09:37:50.515393,0xdeca030000000002,0xdeca020000000001,233814064195,122
2016-04-08 09:37:50.526393,0xdeca010000000014,0xdeca020000000001,234591653480,36
2016-04-08 09:37:50.614393,0xdeca030000000002,0xdeca020000000001,240203847088,123
2016-04-08 09:37:50.709393,0xdeca010000000015,0xdeca020000000001,246323525100,36
2016-04-08 09:37:50.714393,0xdeca030000000002,0xdeca020000000001,246593629986,124
2016-04-08 09:37:50.743393,0xdeca010000000050,0xdeca020000000001,248467142724,38
2016-04-08 09:37:50.814393,0xdeca030000000002,0xdeca020000000001,252983412860,125
2016-04-08 09:37:50.914393,0xdeca030000000002,0xdeca020000000001,259373195741,126
2016-04-08 09:37:51.014393,0xdeca030000000002,0xdeca020000000001,265762978633,127
2016-04-08 09:37:51.030393,0xdeca010000000028,0xdeca020000000001,266807420117,36
2016-04-08 09:37:51.049393,0xdeca01000000000a,0xdeca020000000001,268045664095,36
2016-04-08 09:37:51.114393,0xdeca030000000002,0xdeca020000000001,272152761523,128
2016-04-08 09:37:51.132393,0xdeca010000000016,0xdeca020000000001,273357107801,38
2016-04-08 09:37:51.152393,0xdeca01000000000b,0xdeca020000000001,274596012963,36
2016-04-08 09:37:51.212393,0xdeca010000000014,0xdeca020000000001,278424337941,37
2016-04-08 09:37:51.259393,0xdeca01000000001f,0xdeca020000000001,281422596380,40
2016-04-08 09:37:51.314393,0xdeca030000000002,0xdeca020000000001,284932327294,130
2016-04-08 09:37:51.323393,0xdeca01000000001e,0xdeca020000000001,285513698496,40
2016-04-08 09:37:51.326393,0xdeca010000000046,0xdeca020000000001,285721668211,37
2016-04-08 09:37:51.414393,0xdeca030000000002,0xdeca020000000001,291322110203,131
2016-04-08 09:37:51.514393,0xdeca030000000002,0xdeca020000000001,297711893078,132
2016-04-08 09:37:51.614393,0xdeca030000000002,0xdeca020000000001,304101675970,133
2016-04-08 09:37:51.737192,0xdeca030000000002,0xdeca020000000001,310491458859,134
2016-04-08 09:37:51.780192,0xdeca01000000001f,0xdeca020000000001,314739018883,41
2016-04-08 09:37:51.814192,0xdeca030000000002,0xdeca020000000001,316881241747,135
2016-04-08 09:37:51.914192,0xdeca030000000002,0xdeca020000000001,323271024638,136
2016-04-08 09:37:52.001192,0xdeca010000000028,0xdeca020000000001,328881570348,37
2016-04-08 09:37:52.014192,0xdeca030000000002,0xdeca020000000001,329660807526,137
2016-04-08 09:37:52.078192,0xdeca01000000000b,0xdeca020000000001,333761771309,37
2016-04-08 09:37:52.086192,0xdeca010000000050,0xdeca020000000001,334288409075,39
2016-04-08 09:37:52.102192,0xdeca010000000015,0xdeca020000000001,335309589616,37
2016-04-08 09:37:52.114192,0xdeca030000000002,0xdeca020000000001,336050590410,138
2016-04-08 09:37:52.185192,0xdeca010000000016,0xdeca020000000001,340600222127,39
2016-04-08 09:37:52.214192,0xdeca030000000002,0xdeca020000000001,342440373307,139
2016-04-08 09:37:52.284192,0xdeca01000000000a,0xdeca020000000001,346893952839,37
2016-04-08 09:37:52.314192,0xdeca030000000002,0xdeca020000000001,348830156180,140
2016-04-08 09:37:52.414192,0xdeca030000000002,0xdeca020000000001,355219939073,141
2016-04-08 09:37:52.474192,0xdeca010000000046,0xdeca020000000001,359042591488,38
2016-04-08 09:37:52.499192,0xdeca01000000001e,0xdeca020000000001,360674541743,41
2016-04-08 09:37:52.514192,0xdeca030000000002,0xdeca020000000001,361609721958,142
2016-04-08 09:37:52.614192,0xdeca030000000002,0xdeca020000000001,367999504857,143
2016-04-08 09:37:52.699192,0xdeca010000000014,0xdeca020000000001,373472009253,38
2016-04-08 09:37:52.714192,0xdeca030000000002,0xdeca020000000001,374389287745,144
2016-04-08 09:37:52.814192,0xdeca030000000002,0xdeca020000000001,380779070648,145
2016-04-08 09:37:52.887192,0xdeca010000000050,0xdeca020000000001,385461344473,40
2016-04-08 09:37:52.914192,0xdeca030000000002,0xdeca020000000001,387168853524,146
2016-04-08 09:37:53.014192,0xdeca030000000002,0xdeca020000000001,393558636418,147
2016-04-08 09:37:53.114192,0xdeca030000000002,0xdeca020000000001,399948419327,148
2016-04-08 09:37:53.214192,0xdeca030000000002,0xdeca020000000001,406338202203,149
2016-04-08 09:37:53.314192,0xdeca030000000002,0xdeca020000000001,412727985099,150
2016-04-08 09:37:53.362192,0xdeca010000000015,0xdeca020000000001,415798807202,38
2016-04-08 09:37:53.372192,0xdeca01000000000b,0xdeca020000000001,416441901023,39
2016-04-08 09:37:53.391192,0xdeca010000000028,0xdeca020000000001,417665522605,38
2016-04-08 09:37:53.414192,0xdeca030000000002,0xdeca020000000001,419117767998,151
2016-04-08 09:37:53.514192,0xdeca030000000002,0xdeca020000000001,425507550902,152
2016-04-08 09:37:53.586192,0xdeca010000000014,0xdeca020000000001,430125201386,39
2016-04-08 09:37:53.614192,0xdeca030000000002,0xdeca020000000001,431897333784,153
2016-04-08 09:37:53.627192,0xdeca010000000016,0xdeca020000000001,432718835193,40
2016-04-08 09:37:53.714192,0xdeca030000000002,0xdeca020000000001,438287116681,154
2016-04-08 09:37:53.745192,0xdeca01000000000a,0xdeca020000000001,440314680920,38
2016-04-08 09:37:53.814192,0xdeca030000000002,0xdeca020000000001,444676899592,155
2016-04-08 09:37:53.849192,0xdeca01000000001f,0xdeca020000000001,446941112198,43
2016-04-08 09:37:53.914192,0xdeca030000000002,0xdeca020000000001,451066682504,156
2016-04-08 09:37:53.960192,0xdeca010000000046,0xdeca020000000001,454002194181,39
2016-04-08 09:37:54.014192,0xdeca030000000002,0xdeca020000000001,457456465364,157
2016-04-08 09:37:54.114192,0xdeca030000000002,0xdeca020000000001,463846248267,158
2016-04-08 09:37:54.158192,0xdeca010000000028,0xdeca020000000001,466665662642,39
2016-04-08 09:37:54.173192,0xdeca010000000050,0xdeca020000000001,467605830043,41
2016-04-08 09:37:54.214192,0xdeca030000000002,0xdeca020000000001,470236031170,159
2016-04-08 09:37:54.277192,0xdeca010000000016,0xdeca020000000001,474251684212,41
2016-04-08 09:37:54.314192,0xdeca030000000002,0xdeca020000000001,476625814081,160
2016-04-08 09:37:54.460192,0xdeca01000000001e,0xdeca020000000001,486001404263,43
2016-04-08 09:37:54.514192,0xdeca030000000002,0xdeca020000000001,489405379853,162
2016-04-08 09:37:54.597192,0xdeca01000000000a,0xdeca020000000001,494708966646,39
2016-04-08 09:37:54.614192,0xdeca030000000002,0xdeca020000000001,495795162754,163
2016-04-08 09:37:54.654192,0xdeca010000000014,0xdeca020000000001,498356523208,40
2016-04-08 09:37:54.660192,0xdeca01000000000b,0xdeca020000000001,498748020006,40
2016-04-08 09:37:54.714192,0xdeca030000000002,0xdeca020000000001,502184945665,164
2016-04-08 09:37:54.783192,0xdeca010000000015,0xdeca020000000001,506475976083,39
2016-04-08 09:37:54.805192,0xdeca010000000046,0xdeca020000000001,508020667699,40
2016-04-08 09:37:54.814192,0xdeca030000000002,0xdeca020000000001,508574728569,165
2016-04-08 09:37:54.821192,0xdeca01000000001f,0xdeca020000000001,509031913763,44
2016-04-08 09:37:54.910192,0xdeca010000000016,0xdeca020000000001,514722722655,42
2016-04-08 09:37:54.914192,0xdeca030000000002,0xdeca020000000001,514964511467,166
2016-04-08 09:37:55.014192,0xdeca030000000002,0xdeca020000000001,521354294347,167
2016-04-08 09:37:55.114192,0xdeca030000000002,0xdeca020000000001,527744077249,168
2016-04-08 09:37:55.214192,0xdeca030000000002,0xdeca020000000001,534133860160,169
2016-04-08 09:37:55.233192,0xdeca01000000000a,0xdeca020000000001,535370220845,40
2016-04-08 09:37:55.273192,0xdeca010000000050,0xdeca020000000001,537910065392,42
2016-04-08 09:37:55.314192,0xdeca030000000002,0xdeca020000000001,540523643072,170
2016-04-08 09:37:55.414192,0xdeca030000000002,0xdeca020000000001,546913425953,171
2016-04-08 09:37:55.514192,0xdeca030000000002,0xdeca020000000001,553303208852,172
2016-04-08 09:37:55.600192,0xdeca010000000028,0xdeca020000000001,558781530950,40
2016-04-08 09:37:55.614192,0xdeca030000000002,0xdeca020000000001,559692991776,173
2016-04-08 09:37:55.714192,0xdeca030000000002,0xdeca020000000001,566082774665,174
2016-04-08 09:37:55.813990,0xdeca030000000002,0xdeca020000000001,572472557577,175
2016-04-08 09:37:55.886990,0xdeca01000000001e,0xdeca020000000001,577149280424,44
2016-04-08 09:37:55.913990,0xdeca030000000002,0xdeca020000000001,578862340463,176
2016-04-08 09:37:55.946990,0xdeca010000000014,0xdeca020000000001,580997716160,41
2016-04-08 09:37:56.013990,0xdeca030000000002,0xdeca020000000001,585252123365,177
2016-04-08 09:37:56.017990,0xdeca01000000000b,0xdeca020000000001,585489273182,41
2016-04-08 09:37:56.087990,0xdeca01000000001f,0xdeca020000000001,590021850066,45
2016-04-08 09:37:56.113990,0xdeca030000000002,0xdeca020000000001,591641906260,178
2016-04-08 09:37:56.183990,0xdeca010000000046,0xdeca020000000001,596151009106,41
2016-04-08 09:37:56.213990,0xdeca030000000002,0xdeca020000000001,598031689162,179
2016-04-08 09:37:56.252990,0xdeca010000000015,0xdeca020000000001,600547461800,40
2016-04-08 09:37:56.301990,0xdeca010000000028,0xdeca020000000001,603688377940,41
2016-04-08 09:37:56.313990,0xdeca030000000002,0xdeca020000000001,604421472072,180
2016-04-08 09:37:56.356990,0xdeca01000000000a,0xdeca020000000001,607184904096,41
2016-04-08 09:37:56.413990,0xdeca030000000002,0xdeca020000000001,610811254983,181
2016-04-08 09:37:56.513990,0xdeca030000000002,0xdeca020000000001,617201037894,182
2016-04-08 09:37:56.604990,0xdeca01000000001e,0xdeca020000000001,623027717162,45
2016-04-08 09:37:56.613990,0xdeca030000000002,0xdeca020000000001,623590820789,183
2016-04-08 09:37:56.646990,0xdeca010000000050,0xdeca020000000001,625704722853,43
2016-04-08 09:37:56.659990,0xdeca010000000016,0xdeca020000000001,626533318373,44
2016-04-08 09:37:56.676990,0xdeca01000000001f,0xdeca020000000001,627630546654,46
2016-04-08 09:37:56.713990,0xdeca030000000002,0xdeca020000000001,629980603683,184
2016-04-08 09:37:56.813990,0xdeca030000000002,0xdeca020000000001,636370386593,185
2016-04-08 09:37:56.878990,0xdeca01000000000a,0xdeca020000000001,640517503167,42
2016-04-08 09:37:56.913990,0xdeca030000000002,0xdeca020000000001,642760169490,186
2016-04-08 09:37:57.013990,0xdeca030000000002,0xdeca020000000001,649149952404,187
2016-04-08 09:37:57.068990,0xdeca010000000046,0xdeca020000000001,652690547469,42
2016-04-08 09:37:57.113990,0xdeca030000000002,0xdeca020000000001,655539735305,188
2016-04-08 09:37:57.155990,0xdeca010000000050,0xdeca020000000001,658235409996,44
2016-04-08 09:37:57.173990,0xdeca01000000000b,0xdeca020000000001,659395129690,42
2016-04-08 09:37:57.213990,0xdeca030000000002,0xdeca020000000001,661929518207,189
2016-04-08 09:37:57.313990,0xdeca030000000002,0xdeca020000000001,668319301121,190
2016-04-08 09:37:57.404990,0xdeca010000000014,0xdeca020000000001,674114488324,43
2016-04-08 09:37:57.413990,0xdeca030000000002,0xdeca020000000001,674709084033,191
2016-04-08 09:37:57.513990,0xdeca030000000002,0xdeca020000000001,681098866928,192
2016-04-08 09:37:57.586990,0xdeca01000000001e,0xdeca020000000001,685794929454,46
2016-04-08 09:37:57.613990,0xdeca030000000002,0xdeca020000000001,687488649823,193
2016-04-08 09:37:57.669990,0xdeca010000000015,0xdeca020000000001,691066701189,41
2016-04-08 09:37:57.698990,0xdeca01000000001f,0xdeca020000000001,692937106733,47
2016-04-08 09:37:57.713990,0xdeca030000000002,0xdeca020000000001,693878432730,194
2016-04-08 09:37:57.760990,0xdeca010000000028,0xdeca020000000001,696877529461,42
2016-04-08 09:37:57.822789,0xdeca030000000002,0xdeca020000000001,700268215647,195
2016-04-08 09:37:57.913789,0xdeca030000000002,0xdeca020000000001,706657998540,196
2016-04-08 09:37:57.922789,0xdeca010000000050,0xdeca020000000001,707253715488,45
2016-04-08 09:37:57.946789,0xdeca010000000016,0xdeca020000000001,708798844106,45
2016-04-08 09:37:58.013789,0xdeca030000000002,0xdeca020000000001,713047781452,197
2016-04-08 09:37:58.102789,0xdeca01000000001e,0xdeca020000000001,718767787904,47
2016-04-08 09:37:58.113789,0xdeca030000000002,0xdeca020000000001,719437564361,198
2016-04-08 09:37:58.213789,0xdeca030000000002,0xdeca020000000001,725827347264,199
2016-04-08 09:37:58.313789,0xdeca030000000002,0xdeca020000000001,732217130166,200
2016-04-08 09:37:58.341789,0xdeca01000000000a,0xdeca020000000001,733981801381,43
2016-04-08 09:37:58.365789,0xdeca010000000015,0xdeca020000000001,735545295893,42
2016-04-08 09:37:58.371789,0xdeca01000000000b,0xdeca020000000001,735922546592,43
2016-04-08 09:37:58.413789,0xdeca030000000002,0xdeca020000000001,738606913085,201
2016-04-08 09:37:58.426789,0xdeca010000000014,0xdeca020000000001,739459680573,44
2016-04-08 09:37:58.449789,0xdeca010000000046,0xdeca020000000001,740928410551,43
2016-04-08 09:37:58.513789,0xdeca030000000002,0xdeca020000000001,744996696006,202
2016-04-08 09:37:58.613789,0xdeca030000000002,0xdeca020000000001,751386478919,203
2016-04-08 09:37:58.713789,0xdeca030000000002,0xdeca020000000001,757776261816,204
2016-04-08 09:37:58.813789,0xdeca030000000002,0xdeca020000000001,764166044718,205
2016-04-08 09:37:58.913789,0xdeca030000000002,0xdeca020000000001,770555827630,206
2016-04-08 09:37:58.959789,0xdeca01000000000a,0xdeca020000000001,773478091820,44
2016-04-08 09:37:58.983789,0xdeca01000000001e,0xdeca020000000001,775060651539,48
2016-04-08 09:37:59.013789,0xdeca030000000002,0xdeca020000000001,776945610536,207
2016-04-08 09:37:59.095789,0xdeca010000000046,0xdeca020000000001,782202076343,44
2016-04-08 09:37:59.104789,0xdeca010000000050,0xdeca020000000001,782771327779,46
2016-04-08 09:37:59.113789,0xdeca030000000002,0xdeca020000000001,783335393433,208
2016-04-08 09:37:59.121789,0xdeca01000000001f,0xdeca020000000001,783839583678,48
2016-04-08 09:37:59.157789,0xdeca010000000028,0xdeca020000000001,786178330723,43
2016-04-08 09:37:59.213789,0xdeca030000000002,0xdeca020000000001,789725176337,209
2016-04-08 09:37:59.315789,0xdeca030000000002,0xdeca020000000001,796114959243,210
2016-04-08 09:37:59.375789,0xdeca01000000000b,0xdeca020000000001,800073031617,44
2016-04-08 09:37:59.386789,0xdeca010000000016,0xdeca020000000001,800814798120,46
2016-04-08 09:37:59.413789,0xdeca030000000002,0xdeca020000000001,802504742175,211
2016-04-08 09:37:59.513789,0xdeca030000000002,0xdeca020000000001,808894525076,212
2016-04-08 09:37:59.520789,0xdeca010000000014,0xdeca020000000001,809315857721,45
2016-04-08 09:37:59.613789,0xdeca030000000002,0xdeca020000000001,815284307980,213
2016-04-08 09:37:59.630789,0xdeca010000000050,0xdeca020000000001,816351809838,47
2016-04-08 09:37:59.713789,0xdeca030000000002,0xdeca020000000001,821674090906,214
2016-04-08 09:37:59.754789,0xdeca010000000015,0xdeca020000000001,824314498429,43
2016-04-08 09:37:59.807789,0xdeca010000000028,0xdeca020000000001,827665735328,44
2016-04-08 09:37:59.839988,0xdeca030000000002,0xdeca020000000001,828063873810,215
2016-04-08 09:37:59.918985,0xdeca030000000002,0xdeca020000000001,834453656723,216
2016-04-08 09:37:59.921985,0xdeca01000000000b,0xdeca020000000001,834967767524,45
2016-04-08 09:37:59.932985,0xdeca01000000000a,0xdeca020000000001,835658336259,45
2016-04-08 09:37:59.991985,0xdeca01000000001e,0xdeca020000000001,839466971318,49
2016-04-08 09:38:00.013985,0xdeca030000000002,0xdeca020000000001,840843439629,217
2016-04-08 09:38:00.113985,0xdeca030000000002,0xdeca020000000001,847233222547,218
2016-04-08 09:38:00.213985,0xdeca030000000002,0xdeca020000000001,853623005466,219
2016-04-08 09:38:00.265985,0xdeca010000000046,0xdeca020000000001,856930550779,45
2016-04-08 09:38:00.313985,0xdeca030000000002,0xdeca020000000001,860012788371,220
2016-04-08 09:38:00.379985,0xdeca010000000028,0xdeca020000000001,864215797798,45
2016-04-08 09:38:00.413985,0xdeca030000000002,0xdeca020000000001,866402571282,221
2016-04-08 09:38:00.428985,0xdeca010000000016,0xdeca020000000001,867388019796,47
2016-04-08 09:38:00.513985,0xdeca030000000002,0xdeca020000000001,872792354195,222
2016-04-08 09:38:00.562985,0xdeca01000000001f,0xdeca020000000001,875907219120,49
2016-04-08 09:38:00.613985,0xdeca030000000002,0xdeca020000000001,879182137108,223
2016-04-08 09:38:00.713985,0xdeca030000000002,0xdeca020000000001,885571920019,224
2016-04-08 09:38:00.813985,0xdeca030000000002,0xdeca020000000001,891961702923,225
2016-04-08 09:38:00.870985,0xdeca010000000046,0xdeca020000000001,895607392613,46
2016-04-08 09:38:00.894985,0xdeca010000000014,0xdeca020000000001,897167183399,46
2016-04-08 09:38:00.913985,0xdeca030000000002,0xdeca020000000001,898351485841,226
2016-04-08 09:38:00.967985,0xdeca010000000050,0xdeca020000000001,901803565753,48
2016-04-08 09:38:01.013985,0xdeca030000000002,0xdeca020000000001,904741268755,227
2016-04-08 09:38:01.113985,0xdeca030000000002,0xdeca020000000001,911131051657,228
2016-04-08 09:38:01.213985,0xdeca030000000002,0xdeca020000000001,917520834585,229
2016-04-08 09:38:01.215985,0xdeca01000000000a,0xdeca020000000001,917671851625,46
2016-04-08 09:38:01.241985,0xdeca010000000016,0xdeca020000000001,919305266178,48
2016-04-08 09:38:01.284985,0xdeca010000000028,0xdeca020000000001,922066883051,46
2016-04-08 09:38:01.306985,0xdeca01000000000b,0xdeca020000000001,923449898142,46
2016-04-08 09:38:01.313985,0xdeca030000000002,0xdeca020000000001,923910617494,230
2016-04-08 09:38:01.406985,0xdeca01000000001e,0xdeca020000000001,929827242271,50
2016-04-08 09:38:01.413985,0xdeca030000000002,0xdeca020000000001,930300400405,231
2016-04-08 09:38:01.506985,0xdeca010000000014,0xdeca020000000001,936260298945,47
2016-04-08 09:38:01.513985,0xdeca030000000002,0xdeca020000000001,936690183306,232
2016-04-08 09:38:01.584985,0xdeca010000000015,0xdeca020000000001,941215999812,45
2016-04-08 09:38:01.586985,0xdeca010000000046,0xdeca020000000001,941385677778,47
2016-04-08 09:38:01.601985,0xdeca010000000050,0xdeca020000000001,942311728685,49
2016-04-08 09:38:01.613985,0xdeca030000000002,0xdeca020000000001,943079966229,233
2016-04-08 09:38:01.713985,0xdeca030000000002,0xdeca020000000001,949469749148,234
2016-04-08 09:38:01.813985,0xdeca030000000002,0xdeca020000000001,955859532055,235
2016-04-08 09:38:01.936184,0xdeca030000000002,0xdeca020000000001,962249314985,236
2016-04-08 09:38:02.013784,0xdeca030000000002,0xdeca020000000001,968639097887,237
2016-04-08 09:38:02.098784,0xdeca010000000028,0xdeca020000000001,974050622080,47
2016-04-08 09:38:02.111784,0xdeca01000000001f,0xdeca020000000001,974878040125,51
2016-04-08 09:38:02.142784,0xdeca010000000016,0xdeca020000000001,976868295262,49
2016-04-08 09:38:02.201784,0xdeca010000000015,0xdeca020000000001,980645117739,46
2016-04-08 09:38:02.213784,0xdeca030000000002,0xdeca020000000001,981418663722,239
2016-04-08 09:38:02.242784,0xdeca010000000014,0xdeca020000000001,983254020904,48
2016-04-08 09:38:02.313784,0xdeca030000000002,0xdeca020000000001,987808446652,240
2016-04-08 09:38:02.376784,0xdeca01000000001e,0xdeca020000000001,991812573491,51
2016-04-08 09:38:02.413784,0xdeca030000000002,0xdeca020000000001,994198229575,241
2016-04-08 09:38:02.461784,0xdeca01000000000a,0xdeca020000000001,997270959640,47
2016-04-08 09:38:02.483784,0xdeca010000000050,0xdeca020000000001,998692459922,50
2016-04-08 09:38:02.492784,0xdeca01000000000b,0xdeca020000000001,999217308658,47
2016-04-08 09:38:02.513784,0xdeca030000000002,0xdeca020000000001,1000588012471,242
2016-04-08 09:38:02.613784,0xdeca030000000002,0xdeca020000000001,1006977795402,243
2016-04-08 09:38:02.713784,0xdeca030000000002,0xdeca020000000001,1013367578306,244
2016-04-08 09:38:02.813784,0xdeca030000000002,0xdeca020000000001,1019757361215,245
2016-04-08 09:38:02.826784,0xdeca01000000001f,0xdeca020000000001,1020568291938,52
2016-04-08 09:38:03.013784,0xdeca030000000002,0xdeca020000000001,1032536927065,247
2016-04-08 09:38:03.016784,0xdeca010000000046,0xdeca020000000001,1032697748917,48
2016-04-08 09:38:03.113784,0xdeca030000000002,0xdeca020000000001,1038926709953,248
2016-04-08 09:38:03.213784,0xdeca030000000002,0xdeca020000000001,1045316492877,249
2016-04-08 09:38:03.228784,0xdeca010000000015,0xdeca020000000001,1046256009266,47
2016-04-08 09:38:03.297784,0xdeca01000000000b,0xdeca020000000001,1050651248845,48
2016-04-08 09:38:03.313784,0xdeca030000000002,0xdeca020000000001,1051706275786,250
2016-04-08 09:38:03.378784,0xdeca010000000016,0xdeca020000000001,1055861716462,50
2016-04-08 09:38:03.413784,0xdeca030000000002,0xdeca020000000001,1058096058710,251
2016-04-08 09:38:03.449784,0xdeca010000000014,0xdeca020000000001,1060387734625,49
2016-04-08 09:38:03.479784,0xdeca01000000001f,0xdeca020000000001,1062336394471,53
2016-04-08 09:38:03.496784,0xdeca010000000028,0xdeca020000000001,1063416184619,48
2016-04-08 09:38:03.513784,0xdeca030000000002,0xdeca020000000001,1064485841634,252
2016-04-08 09:38:03.565784,0xdeca01000000000a,0xdeca020000000001,1067775898697,48
2016-04-08 09:38:03.613784,0xdeca030000000002,0xdeca020000000001,1070875624551,253
2016-04-08 09:38:03.713784,0xdeca030000000002,0xdeca020000000001,1077265407482,254
2016-04-08 09:38:03.746784,0xdeca01000000001e,0xdeca020000000001,1079362001084,52
2016-04-08 09:38:03.813784,0xdeca030000000002,0xdeca020000000001,1083655190410,255
2016-04-08 09:38:03.913784,0xdeca030000000002,0xdeca020000000001,1090044973307,0
2016-04-08 09:38:03.923784,0xdeca010000000050,0xdeca020000000001,1090697793667,51
2016-04-08 09:38:04.013983,0xdeca030000000002,0xdeca020000000001,1096434756222,1
2016-04-08 09:38:04.111983,0xdeca01000000000b,0xdeca020000000001,3155066648,49
2016-04-08 09:38:04.169983,0xdeca010000000046,0xdeca020000000001,6895192565,49
2016-04-08 09:38:04.213983,0xdeca030000000002,0xdeca020000000001,9702694293,3
2016-04-08 09:38:04.279983,0xdeca01000000000a,0xdeca020000000001,13941972047,49
2016-04-08 09:38:04.313983,0xdeca030000000002,0xdeca020000000001,16092477197,4
2016-04-08 09:38:04.338983,0xdeca010000000016,0xdeca020000000001,17718959901,51
2016-04-08 09:38:04.413983,0xdeca030000000002,0xdeca020000000001,22482260135,5
2016-04-08 09:38:04.427983,0xdeca01000000001e,0xdeca020000000001,23358228371,53
2016-04-08 09:38:04.458983,0xdeca010000000015,0xdeca020000000001,25370184846,48
2016-04-08 09:38:04.513983,0xdeca030000000002,0xdeca020000000001,28872043055,6
2016-04-08 09:38:04.613983,0xdeca030000000002,0xdeca020000000001,35261825993,7
2016-04-08 09:38:04.627983,0xdeca01000000001f,0xdeca020000000001,36160781177,54
2016-04-08 09:38:04.635983,0xdeca01000000000b,0xdeca020000000001,36669293216,50
2016-04-08 09:38:04.713983,0xdeca030000000002,0xdeca020000000001,41651608917,8
2016-04-08 09:38:04.812983,0xdeca010000000028,0xdeca020000000001,47997427128,49
2016-04-08 09:38:04.913983,0xdeca030000000002,0xdeca020000000001,54431174738,10
2016-04-08 09:38:04.978983,0xdeca010000000050,0xdeca020000000001,58572982355,52
2016-04-08 09:38:05.013983,0xdeca030000000002,0xdeca020000000001,60820957654,11
2016-04-08 09:38:05.055983,0xdeca01000000000a,0xdeca020000000001,63482551820,50
2016-04-08 09:38:05.113983,0xdeca030000000002,0xdeca020000000001,67210740571,12
2016-04-08 09:38:05.138983,0xdeca010000000015,0xdeca020000000001,68795510165,49
2016-04-08 09:38:05.213983,0xdeca030000000002,0xdeca020000000001,73600523511,13
2016-04-08 09:38:05.313983,0xdeca030000000002,0xdeca020000000001,79990306437,14
2016-04-08 09:38:05.407983,0xdeca010000000046,0xdeca020000000001,85974181914,50
2016-04-08 09:38:05.413983,0xdeca030000000002,0xdeca020000000001,86380089338,15
2016-04-08 09:38:05.426983,0xdeca010000000014,0xdeca020000000001,87187078629,51
2016-04-08 09:38:05.513983,0xdeca030000000002,0xdeca020000000001,92769872280,16
2016-04-08 09:38:05.515983,0xdeca010000000016,0xdeca020000000001,92919870611,52
2016-04-08 09:38:05.574983,0xdeca01000000001f,0xdeca020000000001,96679253696,55
2016-04-08 09:38:05.613983,0xdeca030000000002,0xdeca020000000001,99159655186,17
2016-04-08 09:38:05.713983,0xdeca030000000002,0xdeca020000000001,105549438092,18
2016-04-08 09:38:05.743983,0xdeca01000000001e,0xdeca020000000001,107470690502,54
2016-04-08 09:38:05.813983,0xdeca030000000002,0xdeca020000000001,111939221021,19
2016-04-08 09:38:05.864983,0xdeca010000000050,0xdeca020000000001,115224217515,53
2016-04-08 09:38:05.913983,0xdeca030000000002,0xdeca020000000001,118329003958,20
2016-04-08 09:38:05.988182,0xdeca01000000000b,0xdeca020000000001,121289649137,51
2016-04-08 09:38:06.013781,0xdeca030000000002,0xdeca020000000001,124718786881,21
2016-04-08 09:38:06.036781,0xdeca010000000046,0xdeca020000000001,126147821587,51
2016-04-08 09:38:06.113781,0xdeca030000000002,0xdeca020000000001,131108569792,22
2016-04-08 09:38:06.213781,0xdeca030000000002,0xdeca020000000001,137498352745,23
2016-04-08 09:38:06.216781,0xdeca010000000028,0xdeca020000000001,137690369499,50
2016-04-08 09:38:06.271781,0xdeca010000000016,0xdeca020000000001,141205683509,53
2016-04-08 09:38:06.282781,0xdeca01000000001f,0xdeca020000000001,141902791585,56
2016-04-08 09:38:06.313781,0xdeca030000000002,0xdeca020000000001,143888135637,24
2016-04-08 09:38:06.398781,0xdeca010000000050,0xdeca020000000001,149327007765,54
2016-04-08 09:38:06.409781,0xdeca010000000014,0xdeca020000000001,150006340505,52
2016-04-08 09:38:06.413781,0xdeca030000000002,0xdeca020000000001,150277918568,25
2016-04-08 09:38:06.456781,0xdeca01000000001e,0xdeca020000000001,152991819753,55
2016-04-08 09:38:06.513781,0xdeca030000000002,0xdeca020000000001,156667701506,26
2016-04-08 09:38:06.537781,0xdeca01000000000a,0xdeca020000000001,158191729751,51
2016-04-08 09:38:06.580781,0xdeca010000000015,0xdeca020000000001,160917264886,50
2016-04-08 09:38:06.613781,0xdeca030000000002,0xdeca020000000001,163057484418,27
2016-04-08 09:38:06.713781,0xdeca030000000002,0xdeca020000000001,169447267337,28
2016-04-08 09:38:06.813781,0xdeca030000000002,0xdeca020000000001,175837050262,29
2016-04-08 09:38:06.898781,0xdeca01000000001f,0xdeca020000000001,181262571612,57
2016-04-08 09:38:06.913781,0xdeca030000000002,0xdeca020000000001,182226833168,30
2016-04-08 09:38:07.013781,0xdeca030000000002,0xdeca020000000001,188616616116,31
2016-04-08 09:38:07.047781,0xdeca010000000046,0xdeca020000000001,190789317088,52
2016-04-08 09:38:07.086781,0xdeca010000000050,0xdeca020000000001,193281906818,55
2016-04-08 09:38:07.113781,0xdeca030000000002,0xdeca020000000001,195006399033,32
2016-04-08 09:38:07.213781,0xdeca030000000002,0xdeca020000000001,201396181952,33
2016-04-08 09:38:07.260781,0xdeca01000000001e,0xdeca020000000001,204416958381,56
2016-04-08 09:38:07.292781,0xdeca010000000014,0xdeca020000000001,206436730649,53
2016-04-08 09:38:07.313781,0xdeca030000000002,0xdeca020000000001,207785964881,34
2016-04-08 09:38:07.404781,0xdeca01000000000b,0xdeca020000000001,213570594795,52
2016-04-08 09:38:07.413781,0xdeca030000000002,0xdeca020000000001,214175747801,35
2016-04-08 09:38:07.479781,0xdeca010000000015,0xdeca020000000001,218360744640,51
2016-04-08 09:38:07.513781,0xdeca030000000002,0xdeca020000000001,220565530738,36
2016-04-08 09:38:07.550781,0xdeca01000000001f,0xdeca020000000001,222935076202,58
2016-04-08 09:38:07.563781,0xdeca010000000016,0xdeca020000000001,223778191660,54
2016-04-08 09:38:07.613781,0xdeca030000000002,0xdeca020000000001,226955313662,37
2016-04-08 09:38:07.699781,0xdeca010000000050,0xdeca020000000001,232437731398,56
2016-04-08 09:38:07.713781,0xdeca030000000002,0xdeca020000000001,233345096584,38
2016-04-08 09:38:07.798781,0xdeca010000000014,0xdeca020000000001,238791958980,54
2016-04-08 09:38:07.813781,0xdeca030000000002,0xdeca020000000001,239734879506,39
2016-04-08 09:38:07.913781,0xdeca030000000002,0xdeca020000000001,246124662426,40
2016-04-08 09:38:08.037580,0xdeca030000000002,0xdeca020000000001,252514445367,41
2016-04-08 09:38:08.094580,0xdeca010000000028,0xdeca020000000001,257688828002,52
2016-04-08 09:38:08.113580,0xdeca030000000002,0xdeca020000000001,258904228294,42
2016-04-08 09:38:08.141580,0xdeca01000000001e,0xdeca020000000001,260685396105,57
2016-04-08 09:38:08.156580,0xdeca010000000046,0xdeca020000000001,261639596006,53
2016-04-08 09:38:08.213580,0xdeca030000000002,0xdeca020000000001,265294011208,43
2016-04-08 09:38:08.268580,0xdeca010000000016,0xdeca020000000001,268823306221,55
2016-04-08 09:38:08.313580,0xdeca030000000002,0xdeca020000000001,271683794136,44
2016-04-08 09:38:08.375580,0xdeca010000000015,0xdeca020000000001,275652526949,52
2016-04-08 09:38:08.381580,0xdeca01000000001f,0xdeca020000000001,276021811683,59
2016-04-08 09:38:08.413580,0xdeca030000000002,0xdeca020000000001,278073577066,45
2016-04-08 09:38:08.433580,0xdeca01000000000b,0xdeca020000000001,279342932292,53
2016-04-08 09:38:08.513580,0xdeca030000000002,0xdeca020000000001,284463360002,46
2016-04-08 09:38:08.566580,0xdeca01000000000a,0xdeca020000000001,287840061896,53
2016-04-08 09:38:08.613580,0xdeca030000000002,0xdeca020000000001,290853142912,47
2016-04-08 09:38:08.713580,0xdeca030000000002,0xdeca020000000001,297242925844,48
2016-04-08 09:38:08.813580,0xdeca030000000002,0xdeca020000000001,303632708774,49
2016-04-08 09:38:08.883580,0xdeca010000000015,0xdeca020000000001,308069256065,53
2016-04-08 09:38:08.913580,0xdeca030000000002,0xdeca020000000001,310022491718,50
2016-04-08 09:38:08.926580,0xdeca010000000050,0xdeca020000000001,310846397459,57
2016-04-08 09:38:08.998580,0xdeca01000000000b,0xdeca020000000001,315415357047,54
2016-04-08 09:38:09.013580,0xdeca030000000002,0xdeca020000000001,316412274624,51
2016-04-08 09:38:09.072580,0xdeca010000000014,0xdeca020000000001,320154741609,55
2016-04-08 09:38:09.113580,0xdeca030000000002,0xdeca020000000001,322802057554,52
2016-04-08 09:38:09.140580,0xdeca01000000001f,0xdeca020000000001,324533809775,60
2016-04-08 09:38:09.204580,0xdeca01000000001e,0xdeca020000000001,328575029709,58
2016-04-08 09:38:09.213580,0xdeca030000000002,0xdeca020000000001,329191840487,53
2016-04-08 09:38:09.285580,0xdeca01000000000a,0xdeca020000000001,333748548043,54
2016-04-08 09:38:09.313580,0xdeca030000000002,0xdeca020000000001,335581623431,54
2016-04-08 09:38:09.406580,0xdeca010000000046,0xdeca020000000001,341485825612,54
2016-04-08 09:38:09.413580,0xdeca030000000002,0xdeca020000000001,341971406339,55
2016-04-08 09:38:09.513580,0xdeca030000000002,0xdeca020000000001,348361189277,56
2016-04-08 09:38:09.613580,0xdeca030000000002,0xdeca020000000001,354750972207,57
2016-04-08 09:38:09.713580,0xdeca030000000002,0xdeca020000000001,361140755142,58
2016-04-08 09:38:09.752580,0xdeca010000000016,0xdeca020000000001,363646982439,56
2016-04-08 09:38:09.813580,0xdeca030000000002,0xdeca020000000001,367530538060,59
2016-04-08 09:38:09.868580,0xdeca010000000014,0xdeca020000000001,371028608559,56
2016-04-08 09:38:09.913580,0xdeca030000000002,0xdeca020000000001,373920321001,60
2016-04-08 09:38:10.013580,0xdeca030000000002,0xdeca020000000001,380310103937,61
2016-04-08 09:38:10.056779,0xdeca010000000046,0xdeca020000000001,381272918333,55
2016-04-08 09:38:10.119177,0xdeca010000000028,0xdeca020000000001,385508011235,54
2016-04-08 09:38:10.134776,0xdeca030000000002,0xdeca020000000001,386699886857,62
2016-04-08 09:38:10.148776,0xdeca010000000050,0xdeca020000000001,388941004289,58
2016-04-08 09:38:10.213776,0xdeca030000000002,0xdeca020000000001,393089669802,63
2016-04-08 09:38:10.312776,0xdeca030000000002,0xdeca020000000001,399479452714,64
2016-04-08 09:38:10.364776,0xdeca010000000015,0xdeca020000000001,402706157714,54
2016-04-08 09:38:10.412776,0xdeca030000000002,0xdeca020000000001,405869235642,65
2016-04-08 09:38:10.463776,0xdeca01000000000b,0xdeca020000000001,409123545033,55
2016-04-08 09:38:10.512776,0xdeca030000000002,0xdeca020000000001,412259018568,66
2016-04-08 09:38:10.536776,0xdeca01000000001f,0xdeca020000000001,413736584358,61
2016-04-08 09:38:10.612776,0xdeca030000000002,0xdeca020000000001,418648801499,67
2016-04-08 09:38:10.616776,0xdeca01000000001e,0xdeca020000000001,418898736885,59
2016-04-08 09:38:10.637776,0xdeca010000000028,0xdeca020000000001,420140455656,55
2016-04-08 09:38:10.712776,0xdeca030000000002,0xdeca020000000001,425038584442,68
2016-04-08 09:38:10.812776,0xdeca030000000002,0xdeca020000000001,431428367363,69
2016-04-08 09:38:10.913776,0xdeca030000000002,0xdeca020000000001,437818150298,70
2016-04-08 09:38:10.951776,0xdeca010000000046,0xdeca020000000001,440256949867,56
2016-04-08 09:38:11.013776,0xdeca030000000002,0xdeca020000000001,444207933242,71
2016-04-08 09:38:11.023776,0xdeca010000000014,0xdeca020000000001,444883870231,57
2016-04-08 09:38:11.112776,0xdeca030000000002,0xdeca020000000001,450597716169,72
2016-04-08 09:38:11.158776,0xdeca010000000016,0xdeca020000000001,453492020779,57
2016-04-08 09:38:11.212776,0xdeca030000000002,0xdeca020000000001,456987499098,73
2016-04-08 09:38:11.312776,0xdeca030000000002,0xdeca020000000001,463377282037,74
2016-04-08 09:38:11.336776,0xdeca010000000050,0xdeca020000000001,464913722845,59
2016-04-08 09:38:11.412776,0xdeca030000000002,0xdeca020000000001,469767064966,75
2016-04-08 09:38:11.475776,0xdeca010000000028,0xdeca020000000001,473732201592,56
2016-04-08 09:38:11.512776,0xdeca030000000002,0xdeca020000000001,476156847889,76
2016-04-08 09:38:11.599776,0xdeca01000000000a,0xdeca020000000001,481640738359,56
2016-04-08 09:38:11.613776,0xdeca030000000002,0xdeca020000000001,482546630832,77
2016-04-08 09:38:11.660776,0xdeca01000000000b,0xdeca020000000001,485563115491,57
2016-04-08 09:38:11.712776,0xdeca030000000002,0xdeca020000000001,488936413763,78
2016-04-08 09:38:11.790776,0xdeca01000000001e,0xdeca020000000001,493874039894,60
2016-04-08 09:38:11.813776,0xdeca030000000002,0xdeca020000000001,495326196681,79
2016-04-08 09:38:11.876776,0xdeca010000000050,0xdeca020000000001,499381891039,60
2016-04-08 09:38:11.913776,0xdeca030000000002,0xdeca020000000001,501715979623,80
2016-04-08 09:38:12.012776,0xdeca030000000002,0xdeca020000000001,508105762554,81
2016-04-08 09:38:12.072776,0xdeca010000000046,0xdeca020000000001,511903087849,57
2016-04-08 09:38:12.113776,0xdeca030000000002,0xdeca020000000001,514495545481,82
2016-04-08 09:38:12.184174,0xdeca010000000015,0xdeca020000000001,518067441376,56
2016-04-08 09:38:12.213174,0xdeca030000000002,0xdeca020000000001,520885328426,83
2016-04-08 09:38:12.290174,0xdeca01000000000b,0xdeca020000000001,525790805354,58
2016-04-08 09:38:12.314174,0xdeca030000000002,0xdeca020000000001,527275111359,84
2016-04-08 09:38:12.319174,0xdeca010000000016,0xdeca020000000001,527615566840,58
2016-04-08 09:38:12.414174,0xdeca030000000002,0xdeca020000000001,533664894291,85
2016-04-08 09:38:12.431174,0xdeca010000000014,0xdeca020000000001,534658740907,58
2016-04-08 09:38:12.447174,0xdeca010000000050,0xdeca020000000001,535782200143,61
2016-04-08 09:38:12.485174,0xdeca010000000028,0xdeca020000000001,538251416440,57
2016-04-08 09:38:12.514174,0xdeca030000000002,0xdeca020000000001,540054677237,86
2016-04-08 09:38:12.520174,0xdeca01000000001f,0xdeca020000000001,540446831226,63
2016-04-08 09:38:12.575174,0xdeca01000000000a,0xdeca020000000001,543994342139,57
2016-04-08 09:38:12.614174,0xdeca030000000002,0xdeca020000000001,546444460160,87
2016-04-08 09:38:12.645174,0xdeca010000000046,0xdeca020000000001,548447655516,58
2016-04-08 09:38:12.714174,0xdeca030000000002,0xdeca020000000001,552834243093,88
2016-04-08 09:38:12.813174,0xdeca030000000002,0xdeca020000000001,559224026043,89
2016-04-08 09:38:12.913174,0xdeca030000000002,0xdeca020000000001,565613808961,90
2016-04-08 09:38:13.013174,0xdeca030000000002,0xdeca020000000001,572003591904,91
2016-04-08 09:38:13.038174,0xdeca01000000000b,0xdeca020000000001,573567717569,59
2016-04-08 09:38:13.089174,0xdeca01000000001e,0xdeca020000000001,576856131160,61
2016-04-08 09:38:13.114174,0xdeca030000000002,0xdeca020000000001,578393374854,92
2016-04-08 09:38:13.209174,0xdeca010000000050,0xdeca020000000001,584481774433,62
2016-04-08 09:38:13.214174,0xdeca030000000002,0xdeca020000000001,584783157794,93
2016-04-08 09:38:13.254174,0xdeca010000000028,0xdeca020000000001,587374333867,58
2016-04-08 09:38:13.314174,0xdeca030000000002,0xdeca020000000001,591172940706,94
2016-04-08 09:38:13.414174,0xdeca030000000002,0xdeca020000000001,597562723660,95
2016-04-08 09:38:13.425174,0xdeca010000000015,0xdeca020000000001,598309486245,57
2016-04-08 09:38:13.447174,0xdeca010000000014,0xdeca020000000001,599719062989,59
2016-04-08 09:38:13.514174,0xdeca030000000002,0xdeca020000000001,603952506587,96
2016-04-08 09:38:13.613174,0xdeca030000000002,0xdeca020000000001,610342289535,97
2016-04-08 09:38:13.702174,0xdeca010000000016,0xdeca020000000001,615988226617,59
2016-04-08 09:38:13.705174,0xdeca010000000046,0xdeca020000000001,616163187044,59
2016-04-08 09:38:13.714174,0xdeca030000000002,0xdeca020000000001,616732072449,98
2016-04-08 09:38:13.813174,0xdeca030000000002,0xdeca020000000001,623121855400,99
2016-04-08 09:38:13.887174,0xdeca01000000001e,0xdeca020000000001,627809449540,62
2016-04-08 09:38:13.890174,0xdeca01000000000b,0xdeca020000000001,628033761212,60
2016-04-08 09:38:13.897174,0xdeca01000000001f,0xdeca020000000001,628463956502,64
2016-04-08 09:38:13.914174,0xdeca030000000002,0xdeca020000000001,629511638329,100
2016-04-08 09:38:14.014174,0xdeca030000000002,0xdeca020000000001,635901421267,101
2016-04-08 09:38:14.064174,0xdeca01000000000a,0xdeca020000000001,639125393897,58
2016-04-08 09:38:14.114174,0xdeca030000000002,0xdeca020000000001,642291204218,102
2016-04-08 09:38:14.213373,0xdeca030000000002,0xdeca020000000001,648680987129,103
2016-04-08 09:38:14.266373,0xdeca010000000016,0xdeca020000000001,652018171418,60
2016-04-08 09:38:14.313373,0xdeca030000000002,0xdeca020000000001,655070770070,104
2016-04-08 09:38:14.397373,0xdeca01000000000b,0xdeca020000000001,660391414439,61
2016-04-08 09:38:14.413373,0xdeca030000000002,0xdeca020000000001,661460553023,105
2016-04-08 09:38:14.449373,0xdeca01000000001e,0xdeca020000000001,663753134868,63
2016-04-08 09:38:14.513373,0xdeca030000000002,0xdeca020000000001,667850335954,106
2016-04-08 09:38:14.586373,0xdeca010000000028,0xdeca020000000001,672513395552,59
2016-04-08 09:38:14.613373,0xdeca030000000002,0xdeca020000000001,674240118914,107
2016-04-08 09:38:14.697373,0xdeca010000000015,0xdeca020000000001,679579973186,58
2016-04-08 09:38:14.712373,0xdeca010000000050,0xdeca020000000001,680566775859,64
2016-04-08 09:38:14.812373,0xdeca010000000014,0xdeca020000000001,686916779198,60
2016-04-08 09:38:14.913373,0xdeca030000000002,0xdeca020000000001,693409467713,110
2016-04-08 09:38:14.929373,0xdeca01000000001f,0xdeca020000000001,694439668535,65
2016-04-08 09:38:14.936373,0xdeca01000000000a,0xdeca020000000001,694874145590,59
2016-04-08 09:38:15.013373,0xdeca030000000002,0xdeca020000000001,699799250649,111
2016-04-08 09:38:15.113373,0xdeca030000000002,0xdeca020000000001,706189033601,112
2016-04-08 09:38:15.124373,0xdeca010000000046,0xdeca020000000001,706892057079,60
2016-04-08 09:38:15.213373,0xdeca030000000002,0xdeca020000000001,712578816532,113
2016-04-08 09:38:15.313373,0xdeca030000000002,0xdeca020000000001,718968599468,114
2016-04-08 09:38:15.368373,0xdeca01000000000b,0xdeca020000000001,722431765407,62
2016-04-08 09:38:15.413373,0xdeca030000000002,0xdeca020000000001,725358382417,115
2016-04-08 09:38:15.458373,0xdeca01000000001e,0xdeca020000000001,728211142141,64
2016-04-08 09:38:15.513373,0xdeca030000000002,0xdeca020000000001,731748165338,116
2016-04-08 09:38:15.613373,0xdeca030000000002,0xdeca020000000001,738137948308,117
2016-04-08 09:38:15.691373,0xdeca010000000016,0xdeca020000000001,742867174446,61
2016-04-08 09:38:15.713373,0xdeca030000000002,0xdeca020000000001,744527731209,118
2016-04-08 09:38:15.813373,0xdeca030000000002,0xdeca020000000001,750917514166,119
2016-04-08 09:38:15.913373,0xdeca030000000002,0xdeca020000000001,757307297106,120
2016-04-08 09:38:15.979373,0xdeca010000000028,0xdeca020000000001,761500119329,60
2016-04-08 09:38:16.013373,0xdeca030000000002,0xdeca020000000001,763697080035,121
2016-04-08 09:38:16.053373,0xdeca010000000014,0xdeca020000000001,766240539107,61
2016-04-08 09:38:16.100373,0xdeca010000000046,0xdeca020000000001,769234335547,61
2016-04-08 09:38:16.114373,0xdeca030000000002,0xdeca020000000001,770086862986,122
2016-04-08 09:38:16.126373,0xdeca01000000001f,0xdeca020000000001,770911274343,66
2016-04-08 09:38:16.222172,0xdeca030000000002,0xdeca020000000001,776476645926,123
2016-04-08 09:38:16.314172,0xdeca030000000002,0xdeca020000000001,782866428864,124
2016-04-08 09:38:16.345172,0xdeca010000000015,0xdeca020000000001,784855042727,60
2016-04-08 09:38:16.414172,0xdeca030000000002,0xdeca020000000001,789256211806,125
2016-04-08 09:38:16.428172,0xdeca01000000000a,0xdeca020000000001,790184513708,60
2016-04-08 09:38:16.540172,0xdeca01000000000b,0xdeca020000000001,797342746996,63
2016-04-08 09:38:16.613172,0xdeca030000000002,0xdeca020000000001,802035777685,127
2016-04-08 09:38:16.655172,0xdeca01000000001f,0xdeca020000000001,804686240361,67
2016-04-08 09:38:16.670172,0xdeca010000000050,0xdeca020000000001,805653049776,66
2016-04-08 09:38:16.714172,0xdeca030000000002,0xdeca020000000001,808425560638,128
2016-04-08 09:38:16.814172,0xdeca030000000002,0xdeca020000000001,814815343573,129
2016-04-08 09:38:16.914172,0xdeca030000000002,0xdeca020000000001,821205126538,130
2016-04-08 09:38:16.982172,0xdeca010000000016,0xdeca020000000001,825599238667,62
2016-04-08 09:38:16.995172,0xdeca010000000046,0xdeca020000000001,826381962024,62
2016-04-08 09:38:17.014172,0xdeca030000000002,0xdeca020000000001,827594909457,131
2016-04-08 09:38:17.057172,0xdeca010000000028,0xdeca020000000001,830394313004,61
2016-04-08 09:38:17.114172,0xdeca030000000002,0xdeca020000000001,833984692419,132
2016-04-08 09:38:17.213172,0xdeca030000000002,0xdeca020000000001,840374475340,133
2016-04-08 09:38:17.225172,0xdeca010000000014,0xdeca020000000001,841097743892,62
2016-04-08 09:38:17.314172,0xdeca030000000002,0xdeca020000000001,846764258299,134
2016-04-08 09:38:17.328172,0xdeca01000000001e,0xdeca020000000001,847679584526,66
2016-04-08 09:38:17.414172,0xdeca030000000002,0xdeca020000000001,853154041233,135
2016-04-08 09:38:17.483172,0xdeca010000000015,0xdeca020000000001,857592286818,61
2016-04-08 09:38:17.514172,0xdeca030000000002,0xdeca020000000001,859543824199,136
2016-04-08 09:38:17.571172,0xdeca010000000050,0xdeca020000000001,863207952650,67
2016-04-08 09:38:17.614172,0xdeca030000000002,0xdeca020000000001,865933607122,137
2016-04-08 09:38:17.617172,0xdeca01000000000b,0xdeca020000000001,866174504760,64
2016-04-08 09:38:17.626172,0xdeca01000000000a,0xdeca020000000001,866749334030,61
2016-04-08 09:38:17.644172,0xdeca01000000001f,0xdeca020000000001,867912087650,68
2016-04-08 09:38:17.686172,0xdeca010000000046,0xdeca020000000001,870497840364,63
2016-04-08 09:38:17.714172,0xdeca030000000002,0xdeca020000000001,872323390074,138
2016-04-08 09:38:17.814172,0xdeca030000000002,0xdeca020000000001,878713173009,139
2016-04-08 09:38:17.906172,0xdeca010000000016,0xdeca020000000001,884606261818,63
2016-04-08 09:38:17.914172,0xdeca030000000002,0xdeca020000000001,885102955971,140
2016-04-08 09:38:17.981172,0xdeca010000000014,0xdeca020000000001,889414290221,63
2016-04-08 09:38:17.994172,0xdeca01000000001e,0xdeca020000000001,890270951908,67
2016-04-08 09:38:18.014172,0xdeca030000000002,0xdeca020000000001,891492738890,141
2016-04-08 09:38:18.114172,0xdeca030000000002,0xdeca020000000001,897882521855,142
2016-04-08 09:38:18.278970,0xdeca010000000028,0xdeca020000000001,908476738862,62
2016-04-08 09:38:18.313970,0xdeca030000000002,0xdeca020000000001,910662087742,144
2016-04-08 09:38:18.413970,0xdeca030000000002,0xdeca020000000001,917051870688,145
2016-04-08 09:38:18.440970,0xdeca010000000015,0xdeca020000000001,918815549689,62
2016-04-08 09:38:18.500970,0xdeca010000000050,0xdeca020000000001,922618882029,68
2016-04-08 09:38:18.513970,0xdeca030000000002,0xdeca020000000001,923441653626,146
2016-04-08 09:38:18.521970,0xdeca010000000046,0xdeca020000000001,923945921065,64
2016-04-08 09:38:18.613970,0xdeca030000000002,0xdeca020000000001,929831436569,147
2016-04-08 09:38:18.713970,0xdeca030000000002,0xdeca020000000001,936221219514,148
2016-04-08 09:38:18.744970,0xdeca01000000000b,0xdeca020000000001,938181171293,65
2016-04-08 09:38:18.813970,0xdeca030000000002,0xdeca020000000001,942611002465,149
2016-04-08 09:38:18.913970,0xdeca030000000002,0xdeca020000000001,949000785415,150
2016-04-08 09:38:19.077970,0xdeca01000000000a,0xdeca020000000001,959531624514,62
2016-04-08 09:38:19.113970,0xdeca030000000002,0xdeca020000000001,961780351306,152
2016-04-08 09:38:19.120970,0xdeca01000000001f,0xdeca020000000001,962232069390,69
2016-04-08 09:38:19.172970,0xdeca010000000014,0xdeca020000000001,965580803601,64
2016-04-08 09:38:19.200970,0xdeca010000000015,0xdeca020000000001,967339790439,63
2016-04-08 09:38:19.206970,0xdeca010000000016,0xdeca020000000001,967727710123,64
2016-04-08 09:38:19.213970,0xdeca030000000002,0xdeca020000000001,968170134252,153
2016-04-08 09:38:19.260970,0xdeca010000000028,0xdeca020000000001,971205951571,63
2016-04-08 09:38:19.268970,0xdeca01000000001e,0xdeca020000000001,971680119412,68
2016-04-08 09:38:19.270970,0xdeca010000000046,0xdeca020000000001,971858198314,65
2016-04-08 09:38:19.313970,0xdeca030000000002,0xdeca020000000001,974559917193,154
2016-04-08 09:38:19.413970,0xdeca030000000002,0xdeca020000000001,980949700143,155
2016-04-08 09:38:19.513970,0xdeca030000000002,0xdeca020000000001,987339483097,156
2016-04-08 09:38:19.613970,0xdeca030000000002,0xdeca020000000001,993729266056,157
2016-04-08 09:38:19.669970,0xdeca010000000050,0xdeca020000000001,997305655289,69
2016-04-08 09:38:19.713970,0xdeca030000000002,0xdeca020000000001,1000119048988,158
2016-04-08 09:38:19.813970,0xdeca030000000002,0xdeca020000000001,1006508831940,159
2016-04-08 09:38:19.913970,0xdeca030000000002,0xdeca020000000001,1012898614876,160
2016-04-08 09:38:20.014970,0xdeca030000000002,0xdeca020000000001,1019288397826,161
2016-04-08 09:38:20.029970,0xdeca01000000000b,0xdeca020000000001,1020307239180,66
2016-04-08 09:38:20.032970,0xdeca010000000015,0xdeca020000000001,1020534335305,64
2016-04-08 09:38:20.114970,0xdeca030000000002,0xdeca020000000001,1025678180777,162
2016-04-08 09:38:20.129970,0xdeca010000000046,0xdeca020000000001,1026721495200,66
2016-04-08 09:38:20.213970,0xdeca030000000002,0xdeca020000000001,1032067963728,163
2016-04-08 09:38:20.256970,0xdeca01000000000a,0xdeca020000000001,1034865469112,63
2016-04-08 09:38:20.292970,0xdeca01000000001f,0xdeca020000000001,1037160751870,70
2016-04-08 09:38:20.313970,0xdeca030000000002,0xdeca020000000001,1038457746690,164
2016-04-08 09:38:20.404970,0xdeca010000000028,0xdeca020000000001,1044268861860,64
2016-04-08 09:38:20.413970,0xdeca030000000002,0xdeca020000000001,1044847529617,165
2016-04-08 09:38:20.453970,0xdeca010000000014,0xdeca020000000001,1047439018778,65
2016-04-08 09:38:20.513970,0xdeca030000000002,0xdeca020000000001,1051237312578,166
2016-04-08 09:38:20.572970,0xdeca010000000016,0xdeca020000000001,1055011892308,65
2016-04-08 09:38:20.613970,0xdeca030000000002,0xdeca020000000001,1057627095507,167
2016-04-08 09:38:20.672970,0xdeca01000000001e,0xdeca020000000001,1061422947405,69
2016-04-08 09:38:20.713970,0xdeca030000000002,0xdeca020000000001,1064016878472,168
2016-04-08 09:38:20.772970,0xdeca010000000046,0xdeca020000000001,1067805140367,67
2016-04-08 09:38:20.779970,0xdeca010000000015,0xdeca020000000001,1068246143041,65
2016-04-08 09:38:20.813970,0xdeca030000000002,0xdeca020000000001,1070406661427,169
2016-04-08 09:38:20.860970,0xdeca01000000000a,0xdeca020000000001,1073426405378,64
2016-04-08 09:38:20.915970,0xdeca030000000002,0xdeca020000000001,1076796444379,170
2016-04-08 09:38:20.993970,0xdeca010000000050,0xdeca020000000001,1081902044593,70
2016-04-08 09:38:21.013970,0xdeca030000000002,0xdeca020000000001,1083186227340,171
2016-04-08 09:38:21.113970,0xdeca030000000002,0xdeca020000000001,1089576010269,172
2016-04-08 09:38:21.152970,0xdeca010000000014,0xdeca020000000001,1092071178468,66
2016-04-08 09:38:21.213970,0xdeca030000000002,0xdeca020000000001,1095965793225,173
2016-04-08 09:38:21.270970,0xdeca01000000001f,0xdeca020000000001,116779800,71
2016-04-08 09:38:21.313970,0xdeca030000000002,0xdeca020000000001,2843948407,174
2016-04-08 09:38:21.359970,0xdeca01000000000b,0xdeca020000000001,5828898435,67
2016-04-08 09:38:21.413970,0xdeca030000000002,0xdeca020000000001,9233731347,175
2016-04-08 09:38:21.486970,0xdeca010000000028,0xdeca020000000001,13944005291,65
2016-04-08 09:38:21.513970,0xdeca030000000002,0xdeca020000000001,15623514308,176
2016-04-08 09:38:21.613970,0xdeca030000000002,0xdeca020000000001,22013297249,177
2016-04-08 09:38:21.665970,0xdeca010000000015,0xdeca020000000001,25366887110,66
2016-04-08 09:38:21.701970,0xdeca01000000001e,0xdeca020000000001,27659263065,70
2016-04-08 09:38:21.713970,0xdeca030000000002,0xdeca020000000001,28403080193,178
2016-04-08 09:38:21.723970,0xdeca010000000016,0xdeca020000000001,29087760686,66
2016-04-08 09:38:21.813970,0xdeca030000000002,0xdeca020000000001,34792863162,179
2016-04-08 09:38:21.913970,0xdeca030000000002,0xdeca020000000001,41182646097,180
2016-04-08 09:38:21.931970,0xdeca010000000046,0xdeca020000000001,42336492429,68
2016-04-08 09:38:21.969970,0xdeca01000000000a,0xdeca020000000001,44788970979,65
2016-04-08 09:38:22.013970,0xdeca030000000002,0xdeca020000000001,47572429053,181
2016-04-08 09:38:22.019970,0xdeca010000000050,0xdeca020000000001,48001983856,71
2016-04-08 09:38:22.113970,0xdeca030000000002,0xdeca020000000001,53962212009,182
2016-04-08 09:38:22.213970,0xdeca030000000002,0xdeca020000000001,60351994954,183
2016-04-08 09:38:22.305769,0xdeca010000000028,0xdeca020000000001,64921741166,66
2016-04-08 09:38:22.313769,0xdeca030000000002,0xdeca020000000001,66741777928,184
2016-04-08 09:38:22.403769,0xdeca01000000000b,0xdeca020000000001,72484837977,68
2016-04-08 09:38:22.413769,0xdeca030000000002,0xdeca020000000001,73131560871,185
2016-04-08 09:38:22.442769,0xdeca010000000046,0xdeca020000000001,75009944521,69
2016-04-08 09:38:22.513769,0xdeca030000000002,0xdeca020000000001,79521343809,186
2016-04-08 09:38:22.595769,0xdeca01000000001f,0xdeca020000000001,84776762395,72
2016-04-08 09:38:22.613769,0xdeca030000000002,0xdeca020000000001,85911126774,187
2016-04-08 09:38:22.628769,0xdeca010000000016,0xdeca020000000001,86889837393,67
2016-04-08 09:38:22.661769,0xdeca010000000050,0xdeca020000000001,88980290179,72
2016-04-08 09:38:22.710769,0xdeca01000000001e,0xdeca020000000001,92121481589,71
2016-04-08 09:38:22.713769,0xdeca030000000002,0xdeca020000000001,92300909728,188
2016-04-08 09:38:22.779769,0xdeca01000000000a,0xdeca020000000001,96511574270,66
2016-04-08 09:38:22.813769,0xdeca030000000002,0xdeca020000000001,98690692677,189
2016-04-08 09:38:22.891769,0xdeca010000000015,0xdeca020000000001,103657967993,67
2016-04-08 09:38:22.913769,0xdeca030000000002,0xdeca020000000001,105080475617,190
2016-04-08 09:38:22.982769,0xdeca010000000028,0xdeca020000000001,109471805910,67
2016-04-08 09:38:23.013769,0xdeca030000000002,0xdeca020000000001,111470258564,191
2016-04-08 09:38:23.095769,0xdeca010000000014,0xdeca020000000001,116693491974,68
2016-04-08 09:38:23.104769,0xdeca01000000001f,0xdeca020000000001,117327777251,73
2016-04-08 09:38:23.113769,0xdeca030000000002,0xdeca020000000001,117860041545,192
2016-04-08 09:38:23.213769,0xdeca030000000002,0xdeca020000000001,124249824498,193
2016-04-08 09:38:23.313769,0xdeca030000000002,0xdeca020000000001,130639607433,194
2016-04-08 09:38:23.411769,0xdeca01000000001e,0xdeca020000000001,136921940420,72
2016-04-08 09:38:23.455769,0xdeca010000000015,0xdeca020000000001,139721284854,68
2016-04-08 09:38:23.488769,0xdeca010000000046,0xdeca020000000001,141861303470,70
2016-04-08 09:38:23.513769,0xdeca030000000002,0xdeca020000000001,143419173348,196
2016-04-08 09:38:23.545769,0xdeca010000000016,0xdeca020000000001,145498920564,68
2016-04-08 09:38:23.613769,0xdeca030000000002,0xdeca020000000001,149808956304,197
2016-04-08 09:38:23.622769,0xdeca01000000000b,0xdeca020000000001,150406154284,69
2016-04-08 09:38:23.713769,0xdeca030000000002,0xdeca020000000001,156198739271,198
2016-04-08 09:38:23.813769,0xdeca030000000002,0xdeca020000000001,162588522213,199
2016-04-08 09:38:23.876769,0xdeca010000000050,0xdeca020000000001,166634000351,73
2016-04-08 09:38:23.913769,0xdeca030000000002,0xdeca020000000001,168978305161,200
2016-04-08 09:38:24.013769,0xdeca030000000002,0xdeca020000000001,175368088138,201
2016-04-08 09:38:24.027769,0xdeca01000000000a,0xdeca020000000001,176241491096,67
2016-04-08 09:38:24.078769,0xdeca010000000028,0xdeca020000000001,179519518097,69
2016-04-08 09:38:24.090769,0xdeca010000000015,0xdeca020000000001,180330993440,69
2016-04-08 09:38:24.095769,0xdeca010000000014,0xdeca020000000001,180636211853,69
2016-04-08 09:38:24.113769,0xdeca030000000002,0xdeca020000000001,181757871066,202
2016-04-08 09:38:24.179769,0xdeca010000000016,0xdeca020000000001,186005330359,69
2016-04-08 09:38:24.191769,0xdeca01000000001f,0xdeca020000000001,186756132717,74
2016-04-08 09:38:24.213769,0xdeca030000000002,0xdeca020000000001,188147654025,203
2016-04-08 09:38:24.339567,0xdeca030000000002,0xdeca020000000001,194537436995,204
2016-04-08 09:38:24.413567,0xdeca030000000002,0xdeca020000000001,200927219947,205
2016-04-08 09:38:24.513567,0xdeca030000000002,0xdeca020000000001,207317002889,206
2016-04-08 09:38:24.577567,0xdeca010000000046,0xdeca020000000001,211413150608,71
2016-04-08 09:38:24.613567,0xdeca030000000002,0xdeca020000000001,213706785856,207
2016-04-08 09:38:24.680567,0xdeca010000000014,0xdeca020000000001,217984985929,70
2016-04-08 09:38:24.713567,0xdeca030000000002,0xdeca020000000001,220096568818,208
2016-04-08 09:38:24.755567,0xdeca01000000001e,0xdeca020000000001,222796316398,73
2016-04-08 09:38:24.814567,0xdeca030000000002,0xdeca020000000001,226486351764,209
2016-04-08 09:38:24.913567,0xdeca030000000002,0xdeca020000000001,232876134726,210
2016-04-08 09:38:24.927567,0xdeca010000000050,0xdeca020000000001,233802245306,74
2016-04-08 09:38:25.008567,0xdeca01000000000b,0xdeca020000000001,238943155727,70
2016-04-08 09:38:25.013567,0xdeca030000000002,0xdeca020000000001,239265917680,211
2016-04-08 09:38:25.019567,0xdeca010000000016,0xdeca020000000001,239640851598,70
2016-04-08 09:38:25.113567,0xdeca030000000002,0xdeca020000000001,245655700630,212
2016-04-08 09:38:25.143567,0xdeca010000000028,0xdeca020000000001,247551063119,70
2016-04-08 09:38:25.204567,0xdeca01000000001f,0xdeca020000000001,251446409328,75
2016-04-08 09:38:25.213567,0xdeca030000000002,0xdeca020000000001,252045483587,213
2016-04-08 09:38:25.244567,0xdeca01000000000a,0xdeca020000000001,254019226998,68
2016-04-08 09:38:25.313567,0xdeca030000000002,0xdeca020000000001,258435266564,214
2016-04-08 09:38:25.413567,0xdeca030000000002,0xdeca020000000001,264825049512,215
2016-04-08 09:38:25.508567,0xdeca010000000015,0xdeca020000000001,270901251055,70
2016-04-08 09:38:25.513567,0xdeca030000000002,0xdeca020000000001,271214832482,216
2016-04-08 09:38:25.613567,0xdeca030000000002,0xdeca020000000001,277604615422,217
2016-04-08 09:38:25.713567,0xdeca030000000002,0xdeca020000000001,283994398395,218
2016-04-08 09:38:25.742567,0xdeca010000000046,0xdeca020000000001,285866458860,72
2016-04-08 09:38:25.813567,0xdeca030000000002,0xdeca020000000001,290384181338,219
2016-04-08 09:38:25.859567,0xdeca010000000028,0xdeca020000000001,293248295654,71
2016-04-08 09:38:25.913567,0xdeca030000000002,0xdeca020000000001,296773964297,220
2016-04-08 09:38:25.949567,0xdeca010000000014,0xdeca020000000001,299083879076,71
2016-04-08 09:38:25.980567,0xdeca01000000001f,0xdeca020000000001,301074152633,76
2016-04-08 09:38:26.013567,0xdeca030000000002,0xdeca020000000001,303163747275,221
2016-04-08 09:38:26.071567,0xdeca010000000015,0xdeca020000000001,306821395730,71
2016-04-08 09:38:26.113567,0xdeca030000000002,0xdeca020000000001,309553530220,222
2016-04-08 09:38:26.213567,0xdeca030000000002,0xdeca020000000001,315943313172,223
2016-04-08 09:38:26.219567,0xdeca010000000050,0xdeca020000000001,316348133086,75
2016-04-08 09:38:26.242567,0xdeca01000000001e,0xdeca020000000001,317794151485,74
2016-04-08 09:38:26.309567,0xdeca01000000000a,0xdeca020000000001,322095020049,69
2016-04-08 09:38:26.313567,0xdeca030000000002,0xdeca020000000001,322333096143,224
2016-04-08 09:38:26.323567,0xdeca01000000000b,0xdeca020000000001,322996144802,71
2016-04-08 09:38:26.435764,0xdeca030000000002,0xdeca020000000001,328722879108,225
2016-04-08 09:38:26.499764,0xdeca010000000016,0xdeca020000000001,334244784925,71
2016-04-08 09:38:26.512764,0xdeca030000000002,0xdeca020000000001,335112662053,226
2016-04-08 09:38:26.612764,0xdeca030000000002,0xdeca020000000001,341502445010,227
2016-04-08 09:38:26.693764,0xdeca01000000001f,0xdeca020000000001,346666174344,77
2016-04-08 09:38:26.712764,0xdeca030000000002,0xdeca020000000001,347892227977,228
2016-04-08 09:38:26.766764,0xdeca010000000028,0xdeca020000000001,351365726881,72
2016-04-08 09:38:26.778764,0xdeca010000000014,0xdeca020000000001,352076792217,72
2016-04-08 09:38:26.812764,0xdeca030000000002,0xdeca020000000001,354282010931,229
2016-04-08 09:38:26.912764,0xdeca030000000002,0xdeca020000000001,360671793893,230
2016-04-08 09:38:26.943764,0xdeca010000000050,0xdeca020000000001,362612239962,76
2016-04-08 09:38:26.973764,0xdeca01000000001e,0xdeca020000000001,364555874502,75
2016-04-08 09:38:27.012764,0xdeca030000000002,0xdeca020000000001,367061576850,231
2016-04-08 09:38:27.071764,0xdeca010000000046,0xdeca020000000001,370770832661,73
2016-04-08 09:38:27.112764,0xdeca030000000002,0xdeca020000000001,373451359808,232
2016-04-08 09:38:27.212764,0xdeca030000000002,0xdeca020000000001,379841142772,233
2016-04-08 09:38:27.266764,0xdeca010000000016,0xdeca020000000001,383282739827,72
2016-04-08 09:38:27.312764,0xdeca030000000002,0xdeca020000000001,386230925735,234
2016-04-08 09:38:27.351764,0xdeca01000000000a,0xdeca020000000001,388735185273,70
2016-04-08 09:38:27.412764,0xdeca030000000002,0xdeca020000000001,392620708681,235
2016-04-08 09:38:27.473764,0xdeca010000000015,0xdeca020000000001,396495443538,72
2016-04-08 09:38:27.513764,0xdeca030000000002,0xdeca020000000001,399010491655,236
2016-04-08 09:38:27.540764,0xdeca010000000014,0xdeca020000000001,400768501409,73
2016-04-08 09:38:27.612764,0xdeca030000000002,0xdeca020000000001,405400274630,237
2016-04-08 09:38:27.712764,0xdeca030000000002,0xdeca020000000001,411790057573,238
2016-04-08 09:38:27.762764,0xdeca01000000001f,0xdeca020000000001,414947510535,78
2016-04-08 09:38:27.801764,0xdeca01000000000b,0xdeca020000000001,417435252016,72
2016-04-08 09:38:27.812764,0xdeca030000000002,0xdeca020000000001,418179840537,239
2016-04-08 09:38:27.902764,0xdeca010000000046,0xdeca020000000001,423890144147,74
2016-04-08 09:38:27.912764,0xdeca030000000002,0xdeca020000000001,424569623498,240
2016-04-08 09:38:27.932764,0xdeca01000000001e,0xdeca020000000001,425814365278,76
2016-04-08 09:38:28.012764,0xdeca030000000002,0xdeca020000000001,430959406471,241
2016-04-08 09:38:28.063764,0xdeca010000000028,0xdeca020000000001,434134139555,73
2016-04-08 09:38:28.112764,0xdeca030000000002,0xdeca020000000001,437349189416,242
2016-04-08 09:38:28.170764,0xdeca010000000014,0xdeca020000000001,441052968668,74
2016-04-08 09:38:28.273764,0xdeca010000000016,0xdeca020000000001,447648489959,73
2016-04-08 09:38:28.312764,0xdeca030000000002,0xdeca020000000001,450128755337,244
2016-04-08 09:38:28.371764,0xdeca010000000050,0xdeca020000000001,453857848426,77
2016-04-08 09:38:28.412764,0xdeca030000000002,0xdeca020000000001,456518538313,245
2016-04-08 09:38:28.478562,0xdeca01000000000a,0xdeca020000000001,460664358937,71
2016-04-08 09:38:28.513562,0xdeca030000000002,0xdeca020000000001,462908321265,246
2016-04-08 09:38:28.613562,0xdeca030000000002,0xdeca020000000001,469298104217,247
2016-04-08 09:38:28.678562,0xdeca01000000001f,0xdeca020000000001,473468223261,79
2016-04-08 09:38:28.713562,0xdeca030000000002,0xdeca020000000001,475687887178,248
2016-04-08 09:38:28.759562,0xdeca010000000015,0xdeca020000000001,478634302406,73
2016-04-08 09:38:28.813562,0xdeca030000000002,0xdeca020000000001,482077670150,249
2016-04-08 09:38:28.913562,0xdeca030000000002,0xdeca020000000001,488467453115,250
2016-04-08 09:38:29.013562,0xdeca030000000002,0xdeca020000000001,494857236081,251
2016-04-08 09:38:29.113562,0xdeca030000000002,0xdeca020000000001,501247019036,252
2016-04-08 09:38:29.213562,0xdeca030000000002,0xdeca020000000001,507636802000,253
2016-04-08 09:38:29.233562,0xdeca01000000001e,0xdeca020000000001,508900136026,77
2016-04-08 09:38:29.251562,0xdeca010000000050,0xdeca020000000001,510124513711,78
2016-04-08 09:38:29.288562,0xdeca01000000000b,0xdeca020000000001,512437253367,73
2016-04-08 09:38:29.313562,0xdeca030000000002,0xdeca020000000001,514026584959,254
2016-04-08 09:38:29.335562,0xdeca010000000016,0xdeca020000000001,515414209116,74
2016-04-08 09:38:29.412562,0xdeca030000000002,0xdeca020000000001,520416367928,255
2016-04-08 09:38:29.432562,0xdeca010000000014,0xdeca020000000001,521678751467,75
2016-04-08 09:38:29.487562,0xdeca010000000028,0xdeca020000000001,525152225766,74
2016-04-08 09:38:29.512562,0xdeca030000000002,0xdeca020000000001,526806150880,0
2016-04-08 09:38:29.615562,0xdeca030000000002,0xdeca020000000001,533195933833,1
2016-04-08 09:38:29.712562,0xdeca030000000002,0xdeca020000000001,539585716811,2
2016-04-08 09:38:29.750562,0xdeca01000000001f,0xdeca020000000001,541979482661,80
2016-04-08 09:38:29.812562,0xdeca030000000002,0xdeca020000000001,545975499783,3
2016-04-08 09:38:29.836562,0xdeca01000000000a,0xdeca020000000001,547522512636,72
2016-04-08 09:38:29.912562,0xdeca030000000002,0xdeca020000000001,552365282756,4
2016-04-08 09:38:29.919562,0xdeca01000000000b,0xdeca020000000001,552761692056,74
2016-04-08 09:38:29.990562,0xdeca01000000001e,0xdeca020000000001,557362796636,78
2016-04-08 09:38:30.012562,0xdeca030000000002,0xdeca020000000001,558755065711,5
2016-04-08 09:38:30.059562,0xdeca010000000028,0xdeca020000000001,561732217898,75
2016-04-08 09:38:30.112562,0xdeca030000000002,0xdeca020000000001,565144848666,6
2016-04-08 09:38:30.170562,0xdeca010000000015,0xdeca020000000001,568833656549,74
2016-04-08 09:38:30.208562,0xdeca010000000014,0xdeca020000000001,571270077194,76
2016-04-08 09:38:30.212562,0xdeca030000000002,0xdeca020000000001,571534631645,7
2016-04-08 09:38:30.312562,0xdeca030000000002,0xdeca020000000001,577924414593,8
2016-04-08 09:38:30.386562,0xdeca010000000050,0xdeca020000000001,582649186487,79
2016-04-08 09:38:30.412562,0xdeca030000000002,0xdeca020000000001,584314197576,9
2016-04-08 09:38:30.504361,0xdeca01000000000b,0xdeca020000000001,590140345127,75
2016-04-08 09:38:30.513361,0xdeca030000000002,0xdeca020000000001,590703980535,10
2016-04-08 09:38:30.520361,0xdeca01000000000a,0xdeca020000000001,591170991494,73
2016-04-08 09:38:30.580361,0xdeca010000000046,0xdeca020000000001,594965809091,76
2016-04-08 09:38:30.585361,0xdeca01000000001e,0xdeca020000000001,595284406714,79
2016-04-08 09:38:30.613361,0xdeca030000000002,0xdeca020000000001,597093763522,11
2016-04-08 09:38:30.707361,0xdeca010000000015,0xdeca020000000001,603102462812,75
2016-04-08 09:38:30.713361,0xdeca030000000002,0xdeca020000000001,603483546478,12
2016-04-08 09:38:30.813361,0xdeca030000000002,0xdeca020000000001,609873329434,13
2016-04-08 09:38:30.828361,0xdeca01000000001f,0xdeca020000000001,610837488294,81
2016-04-08 09:38:30.913361,0xdeca030000000002,0xdeca020000000001,616263112402,14
2016-04-08 09:38:30.979361,0xdeca010000000028,0xdeca020000000001,620474462897,76
2016-04-08 09:38:31.013361,0xdeca030000000002,0xdeca020000000001,622652895371,15
2016-04-08 09:38:31.021361,0xdeca01000000000a,0xdeca020000000001,623137897304,74
2016-04-08 09:38:31.041361,0xdeca010000000014,0xdeca020000000001,624424693516,77
2016-04-08 09:38:31.113361,0xdeca030000000002,0xdeca020000000001,629042678331,16
2016-04-08 09:38:31.213361,0xdeca030000000002,0xdeca020000000001,635432461320,17
2016-04-08 09:38:31.247361,0xdeca010000000015,0xdeca020000000001,637614860031,76
2016-04-08 09:38:31.313361,0xdeca030000000002,0xdeca020000000001,641822244276,18
2016-04-08 09:38:31.413361,0xdeca010000000050,0xdeca020000000001,648189934864,80
2016-04-08 09:38:31.445361,0xdeca010000000016,0xdeca020000000001,650245634652,76
2016-04-08 09:38:31.490361,0xdeca01000000001f,0xdeca020000000001,653157131781,82
2016-04-08 09:38:31.513361,0xdeca030000000002,0xdeca020000000001,654601810198,20
2016-04-08 09:38:31.593361,0xdeca01000000001e,0xdeca020000000001,659710182683,80
2016-04-08 09:38:31.613361,0xdeca030000000002,0xdeca020000000001,660991593172,21
2016-04-08 09:38:31.713361,0xdeca030000000002,0xdeca020000000001,667381376130,22
2016-04-08 09:38:31.773361,0xdeca010000000014,0xdeca020000000001,671188458238,78
2016-04-08 09:38:31.781361,0xdeca01000000000b,0xdeca020000000001,671725575926,76
2016-04-08 09:38:31.813361,0xdeca030000000002,0xdeca020000000001,673771159105,23
2016-04-08 09:38:31.913361,0xdeca030000000002,0xdeca020000000001,680160942077,24
2016-04-08 09:38:32.013361,0xdeca030000000002,0xdeca020000000001,686550725030,25
2016-04-08 09:38:32.036361,0xdeca01000000001f,0xdeca020000000001,687983305128,83
2016-04-08 09:38:32.055361,0xdeca010000000015,0xdeca020000000001,689268614102,77
2016-04-08 09:38:32.074361,0xdeca010000000046,0xdeca020000000001,690467778316,77
2016-04-08 09:38:32.083361,0xdeca01000000000a,0xdeca020000000001,691084307302,75
2016-04-08 09:38:32.113361,0xdeca030000000002,0xdeca020000000001,692940508000,26
2016-04-08 09:38:32.213361,0xdeca030000000002,0xdeca020000000001,699330290956,27
2016-04-08 09:38:32.262361,0xdeca01000000001e,0xdeca020000000001,702438125980,81
2016-04-08 09:38:32.313361,0xdeca030000000002,0xdeca020000000001,705720073936,28
2016-04-08 09:38:32.411361,0xdeca010000000016,0xdeca020000000001,712003242855,77
2016-04-08 09:38:32.418361,0xdeca010000000028,0xdeca020000000001,712475114545,77
2016-04-08 09:38:32.537159,0xdeca030000000002,0xdeca020000000001,718499639879,30
2016-04-08 09:38:32.568358,0xdeca01000000001f,0xdeca020000000001,720647806765,84
2016-04-08 09:38:32.568358,0xdeca01000000000b,0xdeca020000000001,721073906928,77
2016-04-08 09:38:32.599557,0xdeca010000000050,0xdeca020000000001,722154481872,81
2016-04-08 09:38:32.612557,0xdeca030000000002,0xdeca020000000001,724889422835,31
2016-04-08 09:38:32.666557,0xdeca010000000015,0xdeca020000000001,728338030115,78
2016-04-08 09:38:32.712557,0xdeca030000000002,0xdeca020000000001,731279205821,32
2016-04-08 09:38:32.812557,0xdeca030000000002,0xdeca020000000001,737668988787,33
2016-04-08 09:38:32.912557,0xdeca030000000002,0xdeca020000000001,744058771748,34
2016-04-08 09:38:32.992557,0xdeca01000000000a,0xdeca020000000001,749128647910,76
2016-04-08 09:38:33.012557,0xdeca030000000002,0xdeca020000000001,750448554750,35
